cgpa,easySolved,mediumSolved,hardSolved,contestRating,projectsCount,internshipsCount,certifications,branch,semester,communityActivityScore,placed,packageBand
8.35,258,155,26,976.0,5,0,2,EEE,8,28,True,high
7.65,212,154,24,1136.0,2,2,0,MECH,6,92,True,high
8.51,156,50,39,1757.0,2,1,4,MECH,7,87,True,high
9.48,44,63,37,1265.0,7,0,2,CSE,7,45,True,high
7.54,318,51,22,1578.0,4,0,3,IT,8,30,True,high
7.54,35,37,28,1393.0,7,0,3,EEE,6,23,True,high
9.54,247,99,14,1230.0,5,3,5,ECE,8,14,True,high
8.64,23,192,2,984.0,1,2,1,EEE,7,75,True,high
7.28,54,145,9,1458.0,6,0,4,CSE,7,19,True,high
8.4,225,190,14,1764.0,7,0,2,CSE,5,3,True,high
7.29,242,50,15,1237.0,6,1,5,CIVIL,6,57,True,high
7.29,202,136,16,1417.0,7,2,2,CSE,7,76,True,high
8.07,60,140,18,1020.0,7,1,0,ECE,5,60,True,high
5.7,223,167,10,1232.0,3,2,5,ECE,6,9,True,high
5.9,160,54,47,1485.0,3,0,2,CSE,8,40,True,mid
7.18,284,108,4,1586.0,7,3,4,ECE,6,52,True,high
6.69,347,170,4,1539.0,0,1,2,IT,5,86,True,high
8.15,85,43,13,892.0,1,3,1,CSE,7,70,True,high
6.8,229,109,49,1286.0,7,3,3,EEE,5,75,True,high
6.25,196,195,25,1158.0,3,3,3,MECH,7,47,True,high
9.41,298,160,7,1323.0,6,2,5,ECE,7,14,True,high
7.55,37,151,4,1372.0,1,2,2,CSE,6,6,True,high
7.87,189,163,6,1667.0,5,3,2,ECE,7,71,True,high
6.23,262,127,15,1474.0,1,0,2,IT,5,70,False,none
7.2,135,104,13,1754.0,3,0,2,CSE,8,42,True,high
7.92,186,9,36,1225.0,6,3,1,EEE,8,3,True,high
6.53,46,99,40,1046.0,1,1,4,IT,5,50,True,mid
8.21,108,147,3,1764.0,2,1,1,MECH,8,70,True,high
7.14,107,108,35,1508.0,0,2,1,EEE,7,58,True,high
7.48,136,107,47,1214.0,4,1,1,IT,6,40,True,high
7.14,177,139,16,1509.0,6,0,3,CSE,6,60,True,high
9.84,89,189,46,1609.0,3,3,1,MECH,6,29,True,high
7.79,303,145,35,1430.0,5,1,2,ECE,8,17,True,high
6.64,342,93,5,1218.0,4,3,1,CSE,6,29,True,high
8.7,135,62,15,1290.0,0,1,2,ECE,5,6,True,mid
6.46,319,83,28,1473.0,6,2,5,CSE,6,51,True,high
8.03,159,24,35,1450.0,7,0,4,CSE,7,47,True,high
5.64,25,11,37,1703.0,6,2,3,CSE,8,22,True,high
6.34,37,148,36,1331.0,2,3,4,CSE,7,36,True,high
8.02,182,24,47,1159.0,2,0,5,CSE,6,70,True,high
8.61,55,10,47,2044.0,2,0,4,MECH,6,92,True,high
7.99,337,63,9,1444.0,2,2,3,CSE,6,97,True,mid
7.67,245,125,40,1609.0,3,1,2,ECE,5,52,True,high
7.47,223,49,35,1530.0,6,2,5,EEE,7,44,True,high
6.17,94,189,28,1447.0,3,3,5,CSE,5,48,True,high
7.01,291,88,13,1343.0,1,1,2,IT,8,48,True,mid
7.29,241,98,3,800.0,5,2,2,CIVIL,7,81,True,high
8.96,94,115,43,1134.0,1,2,3,CSE,8,46,True,high
8.18,74,95,41,1482.0,5,1,1,IT,8,24,True,high
5.86,143,176,35,800.0,0,1,0,EEE,8,90,False,none
8.16,160,13,49,1418.0,7,1,1,CSE,5,26,True,high
7.38,124,0,44,1565.0,1,2,1,EEE,8,11,True,high
7.06,73,24,12,1608.0,0,1,4,EEE,7,22,True,mid
8.47,167,186,45,1550.0,7,1,0,EEE,7,16,True,high
8.93,86,71,17,1640.0,0,1,2,EEE,5,43,True,high
8.82,155,68,32,1801.0,0,0,1,CSE,5,70,True,high
6.88,234,132,20,1674.0,2,3,3,IT,8,23,True,high
7.46,322,104,15,1449.0,4,1,1,CIVIL,6,70,True,high
8.16,112,146,14,1366.0,4,3,2,EEE,5,92,True,high
8.87,310,22,4,1429.0,3,1,1,CSE,6,59,True,high
7.27,97,8,5,1331.0,0,1,5,ECE,8,52,False,none
7.6,312,117,37,1679.0,2,0,4,EEE,6,91,True,high
6.58,177,93,2,1543.0,1,0,4,CIVIL,8,86,True,high
6.48,179,177,47,1305.0,1,1,1,IT,6,73,True,high
8.69,144,143,11,1731.0,3,1,4,IT,6,15,True,high
9.29,59,32,35,1327.0,3,1,3,ECE,6,97,True,high
7.72,349,129,32,1164.0,0,3,0,CIVIL,7,24,True,high
8.9,143,13,35,1397.0,7,1,1,CSE,6,65,True,high
8.2,146,0,32,1194.0,0,3,3,CSE,6,49,True,mid
7.09,254,89,30,1634.0,7,0,5,CSE,6,68,True,high
8.2,118,185,20,1189.0,1,3,3,CIVIL,6,77,True,high
9.49,322,88,26,1371.0,1,1,3,IT,7,94,True,high
7.76,296,143,26,1635.0,1,0,5,CSE,6,39,True,high
9.52,30,89,7,1222.0,1,2,2,CSE,5,5,True,high
5.5,99,174,36,1503.0,4,0,1,IT,5,63,True,mid
8.7,305,171,31,1157.0,0,2,1,ECE,6,27,True,high
7.9,121,13,25,1461.0,0,3,1,ECE,8,8,True,mid
7.47,310,151,1,1542.0,1,0,0,ECE,6,5,True,low
7.9,86,110,11,1389.0,2,0,3,EEE,5,16,False,none
5.61,186,182,21,1408.0,1,0,1,IT,6,39,True,low
7.56,157,142,16,1511.0,5,3,4,CSE,7,98,True,high
8.19,110,82,6,1330.0,6,1,2,CSE,7,75,True,high
9.43,255,71,42,1622.0,6,3,5,CSE,6,44,True,high
7.23,126,161,3,1743.0,3,0,5,CSE,7,81,True,high
6.91,101,129,36,1169.0,5,1,0,ECE,7,42,True,mid
7.25,37,26,37,1842.0,2,0,5,IT,5,97,True,high
8.81,34,73,31,1324.0,3,0,2,EEE,5,45,True,high
8.16,67,98,10,1899.0,6,2,3,IT,7,62,True,high
7.22,306,71,0,1328.0,2,0,5,IT,7,0,True,mid
8.36,143,22,24,1577.0,3,3,5,ECE,8,58,True,high
7.91,340,67,41,1576.0,1,3,4,ECE,6,62,True,high
8.87,258,141,23,1303.0,7,3,3,EEE,7,78,True,high
7.03,47,190,42,1418.0,1,1,1,CSE,5,17,True,mid
7.44,84,116,16,1760.0,2,2,2,EEE,8,85,True,high
7.37,151,105,7,1319.0,3,2,5,ECE,7,81,True,high
6.19,331,92,44,1296.0,4,0,4,EEE,7,64,True,high
8.13,177,64,26,1112.0,2,0,2,ECE,5,19,True,mid
8.09,268,67,17,1792.0,7,2,0,CSE,5,55,True,high
7.81,234,127,26,1280.0,2,1,4,EEE,7,53,True,high
7.54,161,62,21,1700.0,7,3,0,CSE,5,47,True,high
6.24,28,112,15,1250.0,5,0,5,CSE,5,99,True,mid
7.34,155,89,1,1692.0,0,2,4,EEE,5,53,True,high
7.42,250,80,4,1602.0,2,1,1,CSE,5,88,True,high
6.92,246,102,17,1343.0,4,3,2,CIVIL,7,15,True,high
7.62,44,191,2,1216.0,1,0,2,CSE,6,19,False,none
8.24,199,159,26,1237.0,3,3,3,EEE,6,46,True,high
9.87,10,115,16,1234.0,0,3,4,ECE,6,96,True,high
7.99,162,12,15,1666.0,3,2,4,CSE,8,6,True,high
8.08,135,193,5,1440.0,1,2,0,ECE,8,22,True,high
7.72,235,123,6,1121.0,2,3,4,EEE,6,74,True,high
5.69,230,146,49,1337.0,5,3,2,CSE,7,32,True,high
7.77,220,151,13,1367.0,4,0,4,CSE,6,39,True,high
7.87,34,87,37,865.0,0,1,3,EEE,7,4,True,low
10.0,25,10,39,1351.0,4,1,3,CSE,7,44,True,high
7.59,191,186,14,1581.0,7,3,2,EEE,6,40,True,high
8.13,338,14,46,1366.0,6,2,2,MECH,6,7,True,high
7.76,138,9,46,1464.0,4,1,2,CSE,7,80,True,high
6.51,51,40,47,1521.0,4,3,4,ECE,8,81,True,high
9.06,345,154,32,1314.0,4,2,4,ECE,8,49,True,high
8.63,245,187,42,1583.0,1,0,1,EEE,7,90,True,high
8.67,43,72,26,1764.0,4,1,5,CSE,6,30,True,high
6.8,54,51,28,1019.0,5,0,5,ECE,6,3,True,mid
9.34,143,127,36,1314.0,4,2,0,CSE,8,65,True,high
6.26,30,27,4,1982.0,1,3,4,CSE,5,55,True,high
8.45,131,64,28,1443.0,7,0,1,ECE,7,4,True,high
10.0,79,16,31,1391.0,3,3,1,CSE,6,80,True,high
6.71,57,94,5,1335.0,1,1,3,CSE,6,53,True,mid
7.18,48,171,1,1719.0,6,0,4,CSE,6,95,True,high
7.91,296,137,5,1165.0,6,1,1,CSE,8,92,True,high
7.25,19,62,45,1632.0,5,1,3,CSE,5,79,True,high
6.09,39,174,42,1331.0,7,1,0,CSE,7,0,True,high
7.88,253,37,3,1213.0,5,1,3,CSE,8,75,True,high
6.63,283,69,28,1342.0,2,1,0,MECH,8,82,True,high
8.32,97,103,24,1388.0,1,2,5,CSE,6,72,True,high
6.79,253,52,8,1276.0,3,0,5,EEE,7,60,True,mid
9.5,338,171,2,1678.0,2,3,2,CSE,8,6,True,high
6.94,24,118,25,1214.0,2,3,2,EEE,6,29,True,high
7.45,13,73,47,1435.0,0,2,3,CSE,7,14,True,high
8.69,200,53,42,1534.0,4,3,2,IT,6,3,True,high
6.45,177,19,26,1432.0,2,3,4,MECH,5,62,True,high
8.05,18,78,35,1593.0,2,3,3,CSE,6,69,True,high
9.24,118,30,31,1292.0,5,0,1,CSE,7,37,True,high
6.03,146,134,0,1556.0,3,3,4,EEE,7,46,True,high
8.0,163,57,15,1563.0,2,0,3,IT,5,59,True,high
8.09,218,104,47,1642.0,7,3,5,ECE,8,98,True,high
8.66,281,9,10,929.0,6,3,0,ECE,6,1,True,high
6.44,152,9,25,1527.0,3,0,2,CSE,7,68,True,low
6.35,108,38,39,1625.0,4,2,2,CSE,8,7,True,mid
8.37,317,155,0,1297.0,6,3,2,CSE,6,50,True,high
8.13,78,157,25,1263.0,5,1,3,CSE,7,93,True,high
8.08,256,36,27,1225.0,7,1,4,CSE,7,18,True,high
8.18,270,118,8,1142.0,6,2,0,CSE,7,93,True,high
7.05,285,66,43,1566.0,0,1,2,EEE,6,30,True,high
8.06,88,42,21,1970.0,0,0,4,EEE,6,79,True,high
8.12,155,51,7,1261.0,4,3,1,CSE,7,21,True,high
7.01,120,100,48,1283.0,4,3,5,CIVIL,6,32,True,high
9.85,267,55,41,1404.0,6,3,1,CSE,6,85,True,high
8.32,102,75,26,1000.0,5,3,0,CSE,8,71,True,high
6.49,22,67,38,1226.0,7,1,2,EEE,6,36,True,high
8.52,269,136,18,1386.0,5,1,1,EEE,8,11,True,high
6.73,118,105,24,1177.0,7,1,5,CIVIL,6,68,True,high
8.67,339,124,37,1699.0,1,0,4,CSE,7,63,True,high
9.07,198,91,20,1077.0,2,1,4,CSE,8,24,True,high
6.9,104,22,23,1625.0,2,1,1,EEE,8,53,False,none
8.86,114,190,23,1767.0,7,3,2,CSE,6,28,True,high
8.25,17,108,18,1495.0,2,1,5,CSE,8,12,True,high
8.7,76,60,49,1366.0,3,2,0,ECE,6,25,True,high
9.89,200,167,46,1462.0,1,2,2,CSE,5,21,True,high
7.53,265,43,1,1290.0,6,3,3,CSE,7,92,True,high
6.97,18,151,13,891.0,2,1,1,CSE,8,75,True,mid
6.82,126,178,31,1155.0,3,2,3,CSE,8,91,True,high
6.9,276,185,41,1397.0,7,2,1,CSE,5,72,True,high
7.72,108,160,31,1165.0,7,0,0,ECE,7,9,True,high
8.18,307,15,27,1297.0,3,3,2,CSE,8,47,True,high
8.1,173,21,47,1520.0,0,2,5,CIVIL,6,41,True,high
8.71,150,56,38,1436.0,3,2,2,CSE,7,89,True,high
7.81,277,61,39,1665.0,4,3,1,CIVIL,6,99,True,high
9.4,46,106,41,1474.0,5,1,4,ECE,6,58,True,high
7.51,83,70,46,1488.0,3,3,3,CSE,7,52,True,high
10.0,82,89,39,1222.0,4,0,5,CSE,6,39,True,high
8.49,317,71,12,1067.0,4,0,5,CSE,6,74,True,high
6.86,208,69,11,1297.0,0,0,2,ECE,5,61,False,none
6.62,139,29,7,1218.0,6,2,2,CSE,7,5,False,none
8.33,255,102,14,1358.0,0,1,1,EEE,6,3,True,mid
7.55,321,150,25,1133.0,7,0,4,ECE,6,90,True,high
8.59,69,31,11,1611.0,7,3,3,EEE,7,54,True,high
8.32,288,85,42,1217.0,3,0,4,EEE,5,87,True,high
7.72,112,56,45,1309.0,0,2,5,CSE,8,68,True,high
6.87,305,108,26,1395.0,0,0,4,MECH,6,2,True,low
6.13,329,8,17,1681.0,6,1,1,MECH,6,6,True,mid
7.31,160,30,44,1840.0,5,0,4,IT,5,87,True,high
8.74,166,70,35,1857.0,2,1,3,CSE,5,85,True,high
8.04,215,136,48,1080.0,7,1,5,MECH,8,11,True,high
6.43,188,12,26,1307.0,3,3,0,CIVIL,6,98,True,high
7.99,206,185,8,1259.0,7,1,5,EEE,7,16,True,high
8.22,232,130,38,1493.0,6,2,0,ECE,5,66,True,high
6.83,98,34,0,1477.0,3,2,3,IT,7,74,True,high
7.97,296,20,6,1254.0,7,1,5,IT,8,69,True,high
7.86,285,63,25,1235.0,3,1,5,EEE,6,35,True,high
6.54,245,94,6,1151.0,0,0,5,CSE,7,16,False,none
8.19,192,179,6,800.0,5,0,5,MECH,8,85,True,high
8.42,218,33,7,1075.0,0,3,1,CSE,7,0,True,mid
8.99,139,120,15,1617.0,4,0,2,CSE,5,66,True,high
8.96,162,162,2,1766.0,1,2,5,IT,6,79,True,high
6.28,22,14,44,1737.0,1,0,1,MECH,5,98,True,mid
6.77,131,119,9,1627.0,6,3,3,IT,8,77,True,high
8.37,229,95,49,1147.0,1,3,5,ECE,7,48,True,high
8.37,115,5,6,1105.0,6,1,4,ECE,8,50,True,high
8.37,79,108,20,947.0,2,3,5,IT,5,70,True,high
10.0,204,96,36,1254.0,0,1,5,CSE,6,89,True,high
8.43,195,31,30,1422.0,7,2,0,MECH,5,42,True,high
9.05,108,179,22,1148.0,4,2,4,ECE,6,30,True,high
8.85,91,82,26,1508.0,4,0,5,CSE,5,23,True,high
8.52,84,155,21,1563.0,1,3,5,CSE,6,82,True,high
7.45,349,117,38,1281.0,5,2,5,CSE,8,36,True,high
8.63,201,191,26,1065.0,2,1,1,ECE,5,64,True,high
6.95,334,78,48,1745.0,6,3,3,CSE,6,88,True,high
7.54,223,77,3,1409.0,2,3,0,ECE,8,62,True,high
7.27,324,146,23,1885.0,1,1,5,EEE,8,55,True,high
7.89,327,106,22,1423.0,6,3,3,EEE,6,73,True,high
10.0,153,125,47,1441.0,6,3,0,CSE,8,17,True,high
5.75,225,14,18,1159.0,1,2,0,EEE,6,64,False,none
8.55,333,133,41,1294.0,7,1,0,CSE,6,28,True,high
6.03,24,72,2,1010.0,0,2,5,CSE,8,76,True,low
7.28,226,100,26,1064.0,5,1,1,CSE,7,3,True,high
9.0,44,97,2,1585.0,2,0,5,EEE,8,11,True,high
7.87,192,165,27,1329.0,4,3,5,CSE,8,55,True,high
6.61,279,25,16,1294.0,1,3,3,CSE,6,47,True,high
7.01,109,91,30,1215.0,0,2,2,CSE,7,18,True,mid
8.55,16,124,9,1304.0,4,3,2,IT,6,25,True,high
7.0,39,178,48,1683.0,7,3,2,IT,6,37,True,high
8.04,314,72,21,1436.0,2,2,3,CSE,5,79,True,high
7.85,153,122,29,1105.0,1,2,4,CSE,6,24,True,high
7.08,120,52,48,1658.0,6,1,3,IT,8,55,True,high
10.0,241,183,20,1831.0,7,0,0,CSE,8,73,True,high
8.5,188,186,35,1524.0,7,2,5,CSE,7,27,True,high
5.57,81,197,22,1623.0,5,1,4,CSE,6,60,True,high
8.01,219,77,37,1705.0,1,2,0,IT,7,91,True,high
7.07,229,91,11,986.0,7,1,5,EEE,7,88,True,high
8.74,89,185,24,1866.0,5,0,5,CSE,8,88,True,high
6.93,92,87,19,1675.0,0,1,0,CSE,5,50,True,high
7.67,51,12,48,1522.0,0,1,3,IT,6,11,True,mid
8.36,282,42,48,1369.0,7,3,2,ECE,8,7,True,high
8.75,200,75,41,1066.0,2,2,4,ECE,8,99,True,high
6.48,182,50,6,1317.0,5,1,5,CSE,6,57,True,high
7.43,16,18,28,1512.0,1,2,1,MECH,5,87,True,high
7.28,164,148,47,1124.0,0,1,5,CSE,8,22,False,none
7.08,19,121,28,1383.0,1,3,2,MECH,7,36,True,high
9.74,43,23,12,1104.0,2,3,5,CSE,7,10,True,high
8.25,45,25,2,1304.0,5,0,1,CSE,6,16,True,mid
6.41,15,172,1,1062.0,1,1,3,ECE,6,91,True,low
8.81,224,155,15,1036.0,4,3,5,MECH,5,55,True,high
10.0,143,119,29,1485.0,1,2,4,CSE,7,52,True,high
8.94,294,81,37,1255.0,3,1,3,CSE,5,66,True,high
6.13,135,99,5,1279.0,3,1,1,ECE,5,1,True,mid
7.27,346,156,44,1242.0,6,0,0,EEE,6,28,True,high
9.19,183,16,6,2081.0,2,2,5,EEE,6,56,True,high
7.02,161,67,4,1552.0,2,0,3,ECE,6,33,False,none
8.29,340,43,6,1579.0,2,1,5,CSE,5,77,True,high
8.65,35,60,33,1206.0,4,0,4,ECE,8,96,True,high
6.78,124,122,31,1526.0,5,1,5,CSE,5,81,True,high
7.73,293,92,48,1343.0,4,1,3,IT,6,92,True,high
5.5,84,195,12,1204.0,6,0,2,ECE,6,1,False,none
6.67,175,73,29,1882.0,1,0,3,ECE,8,74,True,high
7.52,198,152,24,1543.0,7,1,1,CSE,6,30,True,high
6.43,87,66,20,1531.0,0,0,3,CSE,5,76,True,low
9.6,99,110,20,1157.0,5,0,4,ECE,5,43,True,high
6.23,185,1,27,1082.0,3,1,3,CSE,7,89,False,none
7.32,30,88,47,1386.0,3,2,3,CIVIL,7,55,True,high
7.94,63,176,19,1257.0,6,0,4,ECE,6,97,True,high
9.39,193,197,33,1553.0,7,0,3,CSE,5,53,True,high
6.22,231,25,4,1570.0,3,3,4,CSE,6,52,True,high
9.08,324,199,17,1416.0,6,2,1,EEE,7,73,True,high
7.81,337,98,38,1607.0,1,0,4,CSE,7,75,True,high
6.72,188,26,42,1448.0,1,1,1,ECE,5,85,True,low
8.31,285,88,10,1182.0,2,3,1,ECE,7,45,True,high
8.02,121,145,16,1350.0,0,3,4,CSE,6,53,True,high
7.14,233,181,47,1434.0,2,3,3,EEE,7,30,True,high
7.88,223,0,44,1632.0,1,0,5,EEE,7,82,True,high
7.38,68,188,21,1456.0,4,1,2,IT,8,23,True,high
7.92,336,102,36,1257.0,2,3,5,ECE,6,24,True,high
8.53,118,130,19,1642.0,5,2,4,ECE,7,34,True,high
9.54,166,195,47,1495.0,1,3,3,CSE,6,56,True,high
6.44,200,40,47,1786.0,1,3,1,CSE,6,71,True,high
10.0,209,164,47,1422.0,7,2,0,CSE,5,68,True,high
5.65,321,50,45,1141.0,7,3,2,EEE,6,85,True,high
7.63,205,14,5,1694.0,4,3,5,CSE,5,27,True,high
8.45,44,7,33,1256.0,4,2,3,ECE,8,75,True,high
8.11,255,37,13,1474.0,4,0,2,CSE,7,32,True,high
7.12,246,113,47,1446.0,7,2,0,EEE,5,52,True,high
7.57,113,82,22,1411.0,0,0,0,ECE,5,15,False,none
7.26,16,55,19,1358.0,5,0,0,ECE,6,25,True,mid
7.15,292,174,12,987.0,1,0,5,IT,6,11,False,none
8.73,10,102,46,1149.0,4,2,4,EEE,6,86,True,high
8.19,228,137,43,1681.0,0,2,2,CSE,6,89,True,high
7.04,239,101,40,1507.0,3,0,4,ECE,8,76,True,high
8.79,181,77,31,1877.0,5,2,0,ECE,7,86,True,high
8.14,96,176,25,1141.0,6,0,3,MECH,7,30,True,high
8.69,50,168,49,1392.0,6,2,0,MECH,8,99,True,high
8.49,132,82,13,1691.0,7,1,4,CSE,5,26,True,high
6.89,340,29,35,1259.0,3,2,0,MECH,5,35,False,none
7.18,307,4,7,1279.0,3,2,0,CSE,6,58,True,mid
8.62,187,118,39,1327.0,1,2,4,MECH,7,86,True,high
8.47,72,198,21,1289.0,0,0,4,CSE,6,2,True,mid
7.78,174,30,21,1533.0,0,0,3,CSE,5,93,True,mid
7.93,196,179,15,955.0,3,1,4,CIVIL,8,31,True,high
9.21,218,22,26,1811.0,5,1,3,ECE,6,14,True,high
7.15,236,47,9,1160.0,2,3,1,IT,7,74,True,mid
8.4,57,108,24,871.0,3,1,1,CSE,8,65,True,mid
7.58,233,39,30,1397.0,1,0,4,ECE,6,89,True,high
7.56,12,5,20,1306.0,3,1,0,EEE,8,62,True,high
9.01,184,37,26,1356.0,5,1,2,CSE,7,97,True,high
8.71,108,168,16,1478.0,5,2,0,CSE,8,0,True,high
8.69,125,99,32,1561.0,3,1,4,CSE,6,74,True,high
9.24,279,26,30,1822.0,0,3,3,IT,8,4,True,high
7.82,262,68,49,1227.0,3,2,0,MECH,5,89,True,high
8.55,326,56,41,1594.0,4,0,1,CSE,7,5,True,high
7.46,104,16,25,1577.0,4,3,5,CSE,6,98,True,high
8.16,282,70,20,800.0,2,0,4,CSE,5,4,False,none
7.66,33,46,35,1192.0,1,3,0,ECE,5,72,True,mid
7.91,125,78,0,1078.0,7,2,5,IT,6,27,True,high
8.45,160,109,3,1512.0,1,3,0,EEE,6,82,True,high
6.9,347,12,3,1484.0,6,3,3,CSE,6,68,True,high
10.0,59,138,25,1489.0,0,1,3,ECE,6,86,True,high
6.69,215,123,3,1324.0,7,0,3,IT,6,43,True,high
6.46,344,108,48,1349.0,1,2,5,ECE,6,15,True,high
9.07,88,89,8,1393.0,2,3,2,IT,6,70,True,high
8.67,79,85,29,1300.0,4,0,5,CSE,8,77,True,high
8.49,36,91,44,1594.0,0,0,4,EEE,7,21,True,mid
8.49,280,23,3,1133.0,5,1,4,EEE,5,72,True,high
7.79,59,72,4,1205.0,4,0,1,EEE,7,22,True,mid
6.81,301,3,44,1430.0,2,2,1,ECE,7,42,True,mid
7.88,256,112,22,1308.0,0,1,4,CSE,5,67,True,high
7.06,273,45,15,1123.0,7,3,0,CSE,6,42,True,high
8.87,88,17,21,1533.0,3,2,4,IT,6,25,True,high
7.64,199,42,36,1257.0,1,2,2,CSE,8,40,True,mid
6.89,56,160,7,1189.0,2,2,1,IT,6,69,False,none
7.45,198,92,47,1356.0,0,1,1,EEE,7,30,True,mid
8.25,265,102,32,1177.0,4,0,5,ECE,6,16,True,high
7.18,231,123,37,1391.0,0,2,1,IT,7,8,True,mid
6.9,250,9,42,1310.0,3,0,4,MECH,6,90,True,high
8.07,278,72,15,1272.0,2,0,1,ECE,6,54,False,none
8.07,10,186,4,1273.0,0,2,1,CSE,6,5,True,mid
7.24,43,30,15,1649.0,5,0,5,CIVIL,8,69,True,high
7.28,88,155,6,1492.0,2,1,4,MECH,5,63,True,high
8.06,245,59,0,973.0,2,1,0,MECH,5,3,False,none
6.21,343,130,8,1621.0,4,3,1,EEE,7,66,True,high
6.25,107,117,17,1529.0,7,0,1,CSE,7,87,True,mid
7.01,91,182,44,1514.0,6,0,1,CIVIL,6,55,True,high
7.57,201,13,46,1622.0,1,3,2,CSE,6,17,True,high
8.14,262,185,2,1404.0,6,1,4,CSE,6,31,True,high
9.42,47,142,23,1555.0,7,3,1,CSE,6,84,True,high
8.74,23,1,27,1284.0,5,3,2,CSE,8,47,True,high
7.62,319,23,9,1612.0,3,3,0,ECE,5,28,True,high
7.78,218,63,8,1455.0,0,0,0,CSE,8,31,True,low
6.7,98,198,12,1056.0,6,0,5,CSE,6,24,True,high
7.78,65,99,47,1659.0,1,0,5,CSE,6,75,True,high
7.48,103,113,34,1368.0,7,0,5,EEE,7,62,True,high
8.15,102,23,22,1333.0,4,2,2,ECE,7,8,True,high
6.89,349,154,46,1289.0,1,3,0,ECE,5,70,True,high
8.37,94,164,16,1308.0,2,3,5,MECH,7,13,True,high
9.49,254,90,45,1457.0,2,0,3,ECE,7,19,True,high
7.68,31,166,6,1153.0,3,1,5,CSE,5,83,True,high
8.24,300,190,15,1008.0,5,2,0,IT,5,9,True,high
8.56,281,25,39,1134.0,0,2,3,CSE,6,10,True,high
7.36,315,64,35,1495.0,0,1,2,CSE,7,38,True,high
8.05,131,119,19,1360.0,4,0,3,EEE,6,18,True,high
7.81,137,3,23,1678.0,3,2,0,MECH,7,18,True,high
7.91,122,156,46,1384.0,0,2,1,MECH,7,42,True,high
6.95,282,0,4,1611.0,5,3,3,CSE,7,60,True,high
7.83,345,49,44,1227.0,7,3,0,EEE,7,69,True,high
8.35,139,109,5,1291.0,2,0,5,EEE,6,71,True,high
9.4,141,138,27,1402.0,7,0,1,CSE,8,64,True,high
8.86,94,73,4,1363.0,7,3,2,CSE,7,22,True,high
10.0,90,186,48,1340.0,3,3,2,EEE,6,59,True,high
6.96,334,61,38,1182.0,1,3,4,CSE,7,9,True,high
8.76,78,80,37,1004.0,6,1,2,CSE,7,62,True,high
8.0,157,163,1,1558.0,6,2,4,CSE,6,1,True,high
10.0,25,55,42,1530.0,3,0,2,CSE,6,35,True,high
6.91,316,110,38,1247.0,7,0,2,CSE,6,56,True,high
6.88,114,20,20,1495.0,3,1,2,CSE,8,65,True,mid
7.14,174,140,39,1358.0,5,3,4,CSE,7,78,True,high
5.5,210,8,36,1677.0,5,2,5,IT,5,19,True,high
7.22,206,138,17,1072.0,0,3,4,CSE,7,41,True,high
6.96,194,69,47,1368.0,6,0,3,ECE,5,20,True,high
7.97,331,128,45,1348.0,4,1,0,IT,6,93,True,high
8.18,274,117,11,1440.0,4,2,0,CIVIL,6,87,True,high
9.86,109,197,16,1784.0,7,2,5,CSE,7,65,True,high
8.85,329,55,36,1369.0,5,2,0,CSE,8,37,True,high
7.17,223,30,45,1586.0,0,2,2,ECE,8,85,True,high
6.81,287,36,37,1363.0,0,1,5,IT,5,92,True,high
8.34,171,174,14,1668.0,0,0,0,CSE,7,77,True,high
6.35,166,90,6,1588.0,7,2,4,CSE,8,68,True,high
9.81,260,113,13,1317.0,7,2,3,MECH,6,23,True,high
9.1,106,127,49,1299.0,5,0,1,ECE,7,25,True,high
7.28,27,174,0,1522.0,4,3,3,EEE,8,1,True,high
5.92,336,121,37,1236.0,0,2,0,EEE,7,45,True,high
9.29,106,68,2,1448.0,5,2,5,CSE,6,33,True,high
7.67,10,185,36,1311.0,1,3,0,ECE,8,61,True,high
9.16,225,35,43,1492.0,1,0,4,ECE,8,86,True,high
6.05,141,31,30,1360.0,2,0,3,EEE,7,40,True,low
7.14,269,63,42,1227.0,1,2,4,MECH,6,98,True,high
7.81,134,198,12,1676.0,3,0,4,MECH,7,14,True,high
7.85,91,169,47,1460.0,2,3,1,CSE,6,54,True,high
7.3,292,47,17,1387.0,1,1,4,EEE,6,2,True,mid
8.49,180,80,16,1505.0,3,3,4,ECE,7,75,True,high
6.63,68,157,16,982.0,1,3,1,ECE,8,37,True,mid
7.64,41,148,10,1923.0,5,1,2,CSE,8,50,True,high
7.93,170,59,19,1406.0,6,3,2,EEE,7,16,True,high
8.37,293,140,9,909.0,3,2,5,EEE,6,90,True,high
8.58,115,0,28,1699.0,0,2,1,ECE,6,82,True,high
6.56,114,64,47,1212.0,5,0,5,CIVIL,8,48,True,high
6.11,237,32,33,1661.0,6,0,5,CSE,7,20,True,high
9.21,197,37,16,1430.0,3,3,4,CSE,8,87,True,high
8.17,79,24,41,1007.0,5,2,5,ECE,6,23,True,high
6.98,327,153,12,1465.0,0,2,0,IT,7,82,True,high
9.51,299,58,43,1447.0,3,1,3,CSE,8,94,True,high
7.93,96,160,46,1688.0,3,0,0,CSE,6,39,True,high
9.1,65,100,38,1531.0,6,2,0,IT,5,19,True,high
7.87,122,126,26,1090.0,5,3,4,CIVIL,6,78,True,high
10.0,22,40,25,1651.0,1,2,3,CIVIL,8,34,True,high
9.73,27,157,27,1296.0,3,0,5,CSE,7,47,True,high
7.53,191,56,12,1830.0,1,3,3,MECH,7,98,True,high
8.87,122,176,11,1311.0,3,0,5,ECE,6,32,True,high
8.51,238,47,43,1347.0,4,2,2,EEE,7,55,True,high
9.31,180,71,27,1195.0,2,2,1,CSE,7,40,True,high
6.74,304,176,1,1275.0,1,2,4,EEE,5,53,True,high
8.55,198,174,36,1209.0,1,0,5,CSE,8,43,True,high
8.96,88,55,33,1694.0,6,3,5,CSE,6,81,True,high
5.87,155,64,22,1067.0,0,2,3,EEE,6,80,True,low
6.5,191,11,44,1601.0,4,2,4,CSE,6,71,True,high
5.56,295,68,28,1607.0,0,2,5,CSE,5,83,True,high
7.5,259,133,34,1744.0,4,1,2,CSE,7,10,True,high
8.59,323,88,10,1411.0,4,1,0,MECH,6,93,True,high
9.45,205,192,47,1143.0,7,3,5,CSE,8,90,True,high
7.88,332,24,32,1357.0,5,0,3,MECH,6,13,False,none
9.59,80,0,10,1549.0,5,2,2,EEE,6,41,True,high
6.28,257,159,8,1421.0,5,2,4,EEE,7,78,True,high
5.93,155,130,13,1492.0,3,0,5,ECE,7,11,True,mid
7.74,115,48,8,1741.0,6,0,2,EEE,6,83,True,high
8.22,272,146,38,1546.0,0,3,2,CSE,8,16,True,high
7.76,305,59,47,1450.0,2,0,2,CSE,7,89,True,high
5.53,79,156,2,939.0,4,2,2,EEE,5,77,False,none
7.7,202,177,28,1204.0,4,3,2,IT,6,24,True,high
6.37,77,1,18,1299.0,6,1,2,CSE,6,25,True,mid
8.54,314,72,35,906.0,1,3,1,ECE,8,46,True,high
8.2,61,183,31,1123.0,3,3,4,IT,6,24,True,high
6.77,294,144,6,1333.0,2,3,0,CIVIL,6,88,True,high
7.23,343,187,27,1374.0,5,0,4,CSE,5,59,True,high
6.63,18,109,43,1526.0,4,2,3,ECE,6,59,True,high
7.73,260,163,17,1349.0,1,0,3,CSE,7,26,True,high
8.85,341,60,4,1462.0,0,2,4,MECH,7,42,True,high
6.72,307,16,22,1296.0,4,0,2,CSE,5,75,True,high
8.35,193,48,21,1411.0,1,3,1,MECH,5,19,True,high
7.22,188,75,25,1513.0,0,2,0,IT,6,62,True,high
6.93,207,187,41,1768.0,3,0,5,IT,7,79,True,high
7.68,137,147,11,1271.0,5,3,5,CIVIL,8,24,True,high
6.66,29,177,39,1436.0,6,1,2,CSE,5,26,True,high
7.19,337,130,18,1617.0,0,0,4,CSE,6,51,True,high
6.48,74,42,46,1040.0,4,0,5,EEE,6,81,True,mid
9.96,191,56,0,1899.0,7,1,4,ECE,8,9,True,high
7.84,250,49,2,1695.0,7,0,1,CSE,7,49,True,high
7.03,33,195,26,972.0,2,1,1,CSE,6,29,True,mid
8.04,92,177,17,1493.0,0,2,4,IT,6,0,True,high
7.68,328,36,49,1259.0,2,1,2,CIVIL,6,53,True,high
7.56,194,45,29,1301.0,2,3,2,CSE,7,3,False,none
8.48,325,169,1,1488.0,0,1,2,CSE,5,86,True,high
8.63,108,14,4,1663.0,6,2,5,ECE,6,6,True,high
7.22,71,160,28,1284.0,6,1,0,CIVIL,7,29,True,high
7.17,295,79,32,1287.0,7,1,0,ECE,6,89,True,high
7.5,31,138,41,1493.0,3,2,2,IT,7,64,True,high
5.5,221,147,19,1543.0,6,0,4,MECH,6,28,True,high
6.13,135,23,29,1148.0,0,0,1,IT,7,24,False,none
9.3,51,124,41,1831.0,7,3,3,EEE,5,39,True,high
9.61,107,191,4,1239.0,6,3,1,CIVIL,8,25,True,high
7.53,40,117,49,1641.0,1,1,1,MECH,5,16,True,high
8.43,167,79,20,1513.0,5,0,3,CSE,5,30,True,high
8.14,121,93,14,1552.0,2,0,2,CSE,8,60,True,high
10.0,256,64,19,1244.0,5,1,1,CIVIL,8,7,True,high
9.03,131,87,7,969.0,7,2,3,CSE,5,68,True,high
7.66,282,87,48,1395.0,4,0,5,ECE,8,0,True,high
6.75,303,144,30,1396.0,2,3,4,MECH,6,78,True,high
6.03,216,125,11,1160.0,7,1,4,MECH,7,99,True,high
8.02,119,88,20,1629.0,4,2,4,CSE,5,70,True,high
6.97,287,60,29,1387.0,1,3,2,ECE,6,45,True,high
6.24,65,14,26,1198.0,1,0,1,ECE,6,90,False,none
7.09,66,93,43,1546.0,5,2,1,CSE,7,98,True,high
6.61,300,50,25,1553.0,1,3,0,IT,7,90,True,high
9.66,123,26,32,1221.0,7,1,4,EEE,6,19,True,high
8.77,317,73,25,1708.0,7,2,2,IT,8,81,True,high
7.79,207,60,25,1961.0,0,2,3,CSE,5,39,True,high
9.43,330,185,35,1127.0,2,1,2,CSE,5,1,True,high
7.89,188,30,39,1354.0,4,0,1,MECH,7,93,True,high
6.85,228,11,0,1484.0,6,0,4,ECE,5,60,True,high
9.48,286,45,14,1970.0,5,2,0,CSE,6,93,True,high
8.39,25,158,49,1217.0,5,2,5,IT,6,70,True,high
6.66,70,31,0,1165.0,1,2,2,CIVIL,6,76,True,mid
7.59,63,159,10,1163.0,1,3,0,ECE,8,96,True,high
6.84,177,180,1,1705.0,7,2,1,ECE,6,29,True,high
6.28,35,60,0,1223.0,4,0,3,CSE,6,29,True,mid
8.82,345,45,30,1187.0,2,1,2,IT,6,86,True,high
9.9,74,84,43,1458.0,2,1,5,MECH,5,44,True,high
6.26,109,79,15,1477.0,7,1,1,CSE,6,23,True,high
8.42,83,134,21,1668.0,5,2,4,CSE,7,83,True,high
7.08,201,3,41,1423.0,4,2,2,MECH,7,91,True,high
7.26,180,51,17,1462.0,5,1,0,CSE,8,55,True,high
7.15,282,158,46,1374.0,7,3,2,IT,5,82,True,high
6.85,196,111,16,1074.0,6,3,1,IT,5,60,True,high
7.85,32,35,29,1350.0,3,3,1,CIVIL,8,12,True,high
6.89,190,181,9,1416.0,2,3,0,EEE,5,79,True,high
8.1,336,53,34,1289.0,4,0,5,ECE,8,55,True,high
7.74,117,118,20,1009.0,6,1,1,CSE,8,14,True,high
7.54,344,126,15,1116.0,4,0,2,EEE,8,10,True,mid
6.8,171,16,5,1390.0,5,2,5,CSE,6,11,True,high
7.17,311,74,2,1633.0,1,3,0,ECE,5,85,True,high
8.63,215,157,40,1821.0,7,3,1,CSE,7,88,True,high
8.35,87,104,42,1354.0,4,1,1,CSE,7,2,True,high
6.72,25,149,20,1221.0,5,3,2,CSE,5,23,True,high
7.91,336,116,12,1307.0,0,1,1,MECH,7,88,True,mid
8.63,105,42,17,1138.0,1,2,2,ECE,6,8,True,high
5.96,156,111,23,1597.0,1,3,4,CSE,6,91,True,high
8.4,11,114,26,1934.0,2,3,5,ECE,8,45,True,high
7.07,19,26,3,1227.0,3,0,2,CSE,5,93,True,mid
8.43,134,36,21,1102.0,2,1,3,CIVIL,6,70,True,high
6.96,90,45,23,1652.0,0,1,1,ECE,5,59,True,mid
5.81,149,112,39,1480.0,5,3,4,CSE,5,10,True,high
6.01,335,34,44,1484.0,7,0,5,CSE,5,9,True,high
7.85,159,131,9,1797.0,1,3,0,IT,6,2,True,high
8.09,297,79,1,1058.0,1,1,3,ECE,6,18,True,mid
6.81,349,79,39,1051.0,6,1,0,CSE,8,1,False,none
8.5,138,153,5,1360.0,4,3,3,ECE,8,16,True,high
5.97,248,120,47,1416.0,7,2,4,CSE,6,92,True,high
7.73,67,146,17,1311.0,3,3,5,CSE,5,1,True,high
6.47,207,121,16,2015.0,3,0,4,MECH,6,52,True,high
7.08,220,80,37,1322.0,4,1,4,CSE,7,15,True,mid
7.85,54,172,44,1262.0,7,1,3,MECH,7,9,True,high
6.85,106,153,22,1431.0,0,3,2,ECE,8,67,True,high
7.38,288,149,45,1643.0,3,2,5,CSE,5,42,True,high
8.91,32,118,29,1219.0,1,1,0,MECH,7,89,True,high
7.17,344,57,20,1363.0,0,3,2,CSE,7,57,True,high
8.72,53,62,9,1650.0,2,2,2,EEE,8,59,True,high
6.56,36,155,42,1664.0,7,3,1,MECH,7,23,True,high
8.38,291,192,12,1454.0,2,3,0,IT,6,75,True,high
9.39,106,171,11,2005.0,0,3,3,CSE,7,84,True,high
5.5,45,99,8,1895.0,1,1,1,CSE,8,15,True,mid
6.92,118,170,3,1048.0,6,2,1,ECE,6,99,True,high
8.43,64,164,38,977.0,2,0,4,CSE,5,98,True,high
7.58,201,65,23,1599.0,5,0,3,ECE,6,8,True,high
8.21,228,144,33,1741.0,1,1,2,CSE,6,5,True,high
7.14,194,167,38,1344.0,4,1,5,ECE,6,64,True,high
7.9,78,165,40,1274.0,3,3,2,CSE,8,77,True,high
7.63,326,84,4,1195.0,6,3,2,MECH,7,23,True,high
9.08,139,188,14,1108.0,6,2,4,MECH,7,9,True,high
8.08,64,136,49,1684.0,0,3,2,CSE,7,81,True,high
8.17,106,188,3,1305.0,3,2,0,MECH,8,72,True,high
7.35,345,143,38,1475.0,4,3,2,CSE,8,26,True,high
7.26,96,122,7,944.0,2,3,2,CSE,7,82,True,high
7.32,303,1,48,1651.0,6,0,0,CSE,6,99,True,high
8.23,128,105,44,1547.0,5,1,4,MECH,6,2,True,high
7.34,217,107,23,1064.0,1,2,1,ECE,6,37,True,high
8.12,343,71,27,1465.0,7,0,3,CSE,6,72,True,high
10.0,163,170,42,1401.0,6,3,4,IT,6,73,True,high
8.76,44,125,26,1287.0,6,0,2,CSE,7,72,True,high
7.44,88,169,0,800.0,1,2,1,IT,7,16,False,none
9.12,76,56,33,1235.0,4,1,3,CSE,6,47,True,high
7.35,43,80,16,1476.0,0,0,3,MECH,8,48,True,mid
5.56,106,194,36,1263.0,6,2,3,EEE,6,42,True,high
6.69,178,157,37,1345.0,6,3,0,CIVIL,7,83,True,high
5.74,178,140,25,1774.0,3,0,0,IT,7,6,True,high
7.41,160,18,23,1381.0,7,1,1,CIVIL,7,67,True,high
7.82,80,6,38,876.0,5,2,2,ECE,6,73,True,high
9.64,12,136,20,1354.0,2,1,1,MECH,7,20,True,high
8.16,323,53,29,1425.0,0,3,2,EEE,5,77,True,high
7.56,41,103,46,1194.0,7,1,4,CSE,7,24,True,high
8.71,296,85,47,1584.0,5,3,3,IT,6,80,True,high
5.5,91,81,12,1034.0,5,3,3,ECE,7,60,True,high
8.06,52,60,36,1366.0,4,0,0,CSE,6,27,True,high
8.65,114,86,2,1032.0,7,3,4,ECE,7,77,True,high
6.17,10,1,31,1326.0,4,1,5,EEE,6,51,True,mid
9.06,70,177,34,1577.0,1,0,4,ECE,8,12,True,high
8.17,279,30,18,1360.0,2,3,2,ECE,8,33,True,high
7.34,189,32,13,1345.0,0,2,4,CSE,6,66,True,mid
8.5,233,79,47,1407.0,1,2,0,EEE,6,3,True,high
10.0,15,10,21,1419.0,6,3,2,IT,7,43,True,high
8.0,112,160,16,1573.0,2,0,1,CSE,5,14,True,mid
8.07,19,127,3,1575.0,3,0,2,EEE,5,83,True,high
7.29,80,134,44,1755.0,3,0,1,CSE,5,7,False,none
6.87,99,127,39,1442.0,1,1,5,CSE,7,4,True,high
8.71,235,30,18,985.0,0,2,2,ECE,5,65,True,high
6.86,167,175,36,1614.0,2,3,3,CSE,6,91,True,high
7.88,237,125,1,1737.0,3,3,5,EEE,7,85,True,high
7.27,135,46,14,2015.0,3,2,1,EEE,5,72,True,high
8.33,218,180,1,1763.0,0,1,0,CSE,5,91,True,high
8.17,106,106,10,1277.0,7,0,5,ECE,8,45,True,high
8.94,83,18,44,1447.0,1,2,5,IT,7,64,True,high
7.24,124,80,22,1332.0,4,3,5,CSE,6,99,True,high
7.5,200,122,9,1298.0,6,1,1,ECE,5,65,True,high
6.72,179,133,2,1372.0,5,3,1,IT,7,25,True,high
7.31,316,106,4,1721.0,6,0,2,IT,6,30,True,high
8.22,213,48,2,1003.0,2,2,3,ECE,8,50,True,mid
8.63,65,72,37,1149.0,3,0,5,CSE,7,40,True,high
6.79,217,49,12,1705.0,5,1,2,CSE,8,50,True,high
8.76,50,80,41,1763.0,5,2,2,CSE,8,18,True,high
9.29,41,94,18,1235.0,4,0,3,EEE,6,94,True,high
8.25,24,11,39,1813.0,5,0,2,CSE,7,72,True,high
9.86,71,22,49,1644.0,0,0,3,CIVIL,8,2,True,mid
6.95,164,53,34,1333.0,1,1,0,ECE,7,37,True,mid
6.43,293,117,23,800.0,2,0,3,CSE,5,69,False,none
5.84,218,196,23,983.0,0,3,4,CSE,6,44,True,high
9.45,329,58,16,1235.0,1,2,3,ECE,5,70,True,high
8.52,196,163,39,1590.0,0,2,3,CSE,7,40,True,high
7.74,139,2,9,1591.0,3,0,4,MECH,7,24,True,high
8.11,136,57,1,1283.0,3,1,3,IT,8,88,False,none
6.56,301,182,43,1342.0,4,3,1,IT,7,49,True,high
10.0,123,56,22,1392.0,0,3,2,EEE,8,0,True,high
7.94,208,144,5,1345.0,6,2,2,CIVIL,6,53,True,high
7.92,22,166,1,1441.0,5,2,0,EEE,6,85,True,high
8.6,280,89,20,1392.0,3,3,0,ECE,8,83,True,high
8.33,98,195,34,981.0,7,2,4,EEE,7,12,True,high
8.05,224,54,48,1348.0,1,0,1,CSE,7,39,True,mid
6.93,287,44,28,1394.0,7,3,0,CSE,6,20,True,high
8.32,212,0,6,1647.0,7,2,2,MECH,7,86,True,high
9.87,83,20,28,1192.0,4,0,0,IT,8,40,True,high
9.28,34,20,36,1451.0,7,0,0,ECE,6,60,True,high
9.55,110,51,22,1541.0,7,3,3,ECE,7,32,True,high
7.24,185,81,32,1363.0,7,0,0,ECE,6,72,True,high
6.71,126,170,7,961.0,5,3,4,ECE,5,28,True,high
7.66,175,179,11,1653.0,2,0,2,ECE,7,54,True,high
7.86,50,66,45,1587.0,0,3,4,IT,5,31,True,high
9.0,129,112,47,1457.0,6,3,4,ECE,6,10,True,high
5.94,106,43,9,1410.0,7,3,5,CSE,7,51,True,high
9.48,154,159,14,955.0,7,3,1,MECH,7,35,True,high
7.63,225,9,23,1594.0,3,0,5,CSE,6,92,True,high
7.33,238,63,25,1772.0,6,3,5,EEE,8,30,True,high
6.69,322,68,46,1122.0,5,2,3,ECE,6,13,True,high
5.98,139,67,41,1736.0,1,0,4,EEE,8,62,True,mid
8.71,327,27,38,1683.0,0,3,1,CSE,7,51,True,high
7.88,146,180,2,1114.0,6,0,2,CSE,6,53,True,high
6.38,333,115,1,1301.0,1,0,2,CSE,5,49,False,none
6.38,346,50,5,1051.0,4,0,1,EEE,6,88,True,mid
7.43,282,180,20,1384.0,3,0,4,CSE,5,53,True,high
9.64,126,3,8,1512.0,3,3,4,ECE,7,89,True,high
7.51,315,78,9,1070.0,4,0,3,IT,6,85,True,mid
6.15,103,16,35,1496.0,1,2,3,CSE,6,72,True,mid
7.53,177,107,2,1560.0,6,0,5,MECH,7,96,True,high
7.5,212,194,40,1563.0,0,0,2,MECH,6,86,True,high
5.5,158,73,23,1514.0,1,2,3,CIVIL,7,98,True,high
7.74,192,174,21,1093.0,0,3,1,IT,5,83,True,high
7.55,161,183,48,1370.0,5,2,2,ECE,7,96,True,high
8.57,83,22,13,1488.0,7,1,4,EEE,7,34,True,high
9.83,283,17,41,1765.0,4,2,2,EEE,7,29,True,high
9.04,51,128,44,1401.0,2,3,0,CSE,5,54,True,high
7.5,221,34,43,1506.0,0,2,2,CSE,6,93,True,high
6.58,110,63,26,1167.0,3,0,3,CSE,5,85,True,high
10.0,54,185,32,1111.0,7,3,1,CSE,5,0,True,high
7.87,91,58,21,1079.0,5,1,4,MECH,5,14,True,high
7.82,26,0,28,1295.0,3,3,4,IT,7,24,True,high
7.77,82,130,18,1916.0,5,0,3,CIVIL,7,19,True,high
8.02,23,66,18,1299.0,3,1,3,CSE,8,70,True,high
7.64,166,36,5,1491.0,1,3,3,CSE,6,15,True,mid
7.17,232,28,44,1539.0,6,3,0,MECH,7,51,True,high
7.2,141,88,18,1127.0,1,0,1,CSE,8,86,False,none
7.76,347,160,12,1291.0,1,2,0,MECH,7,84,True,high
7.2,56,99,25,1556.0,6,2,3,MECH,7,64,True,high
7.02,116,188,21,1507.0,5,1,1,EEE,8,83,True,high
7.92,117,121,20,902.0,5,0,3,CSE,8,82,True,high
7.52,274,89,35,1549.0,6,0,1,CSE,6,69,True,high
9.45,214,131,1,1262.0,3,2,4,CSE,7,95,True,high
5.5,88,13,46,1269.0,0,2,0,ECE,6,0,False,none
9.0,164,160,43,1501.0,5,1,5,IT,7,93,True,high
9.17,280,149,29,1781.0,3,2,3,CSE,8,15,True,high
5.52,256,175,26,1350.0,0,1,3,CSE,6,26,True,mid
7.42,28,130,6,1695.0,6,3,2,EEE,8,17,True,high
7.39,35,84,19,1040.0,1,1,5,CSE,7,76,True,high
6.25,226,150,49,1433.0,5,1,4,CIVIL,6,43,True,high
6.94,163,195,30,1265.0,2,1,3,CSE,7,49,True,high
6.58,163,20,22,1471.0,1,3,0,IT,6,91,True,mid
9.73,183,170,12,1326.0,4,2,4,IT,5,73,True,high
8.83,101,25,16,1065.0,0,1,3,CIVIL,8,13,True,low
9.2,347,40,3,1178.0,2,2,0,CSE,6,51,False,none
8.59,190,121,13,989.0,1,1,2,CSE,7,92,True,high
6.56,140,37,19,1073.0,7,2,2,MECH,8,74,True,high
7.22,307,87,12,1520.0,5,1,0,MECH,8,49,True,high
8.34,284,10,2,1337.0,2,2,4,EEE,8,90,True,high
6.46,282,28,25,1458.0,3,0,0,ECE,7,16,False,none
8.58,85,59,25,1854.0,0,3,5,CSE,7,2,True,high
7.54,186,194,17,1326.0,4,1,0,IT,6,61,True,high
7.39,193,192,31,1559.0,3,3,2,CSE,6,94,True,high
8.58,328,60,13,1407.0,7,1,2,CSE,8,20,True,high
8.29,140,146,46,2091.0,2,0,2,CSE,7,32,True,high
7.4,58,173,2,800.0,1,0,5,MECH,5,0,False,none
9.08,64,176,0,1221.0,0,3,3,CSE,5,69,True,high
6.61,163,21,25,1564.0,5,1,5,ECE,8,55,True,high
8.48,209,77,23,1212.0,4,2,3,CSE,8,3,True,high
8.45,317,112,48,1542.0,1,1,5,CSE,6,21,True,high
7.46,127,184,34,1385.0,4,2,1,EEE,7,76,True,high
8.16,272,122,13,1616.0,5,3,3,CSE,6,57,True,high
6.42,55,141,2,1117.0,6,3,4,CSE,7,43,True,high
8.82,311,43,12,1443.0,0,0,4,ECE,7,56,True,high
7.6,198,143,46,1517.0,2,2,2,ECE,7,93,True,high
7.23,319,96,49,1433.0,4,1,5,CSE,6,39,True,high
8.95,327,76,13,1437.0,0,0,0,IT,6,89,True,high
7.03,138,139,20,1701.0,4,3,2,IT,6,55,True,high
6.25,58,54,25,980.0,1,0,0,ECE,8,62,False,none
6.09,34,50,2,1431.0,4,1,5,CSE,8,38,True,mid
8.47,275,101,39,1098.0,6,1,2,CSE,8,6,True,high
6.39,127,166,3,1589.0,1,3,2,CIVIL,8,13,True,high
9.73,153,160,35,1191.0,1,0,4,ECE,7,89,True,high
5.51,209,160,42,800.0,0,2,0,CSE,6,17,True,low
9.67,166,28,0,1595.0,3,2,1,CIVIL,7,54,True,high
8.03,143,68,39,1333.0,5,2,1,ECE,6,55,True,high
7.69,157,197,46,1489.0,4,1,2,ECE,6,87,True,high
7.2,345,158,32,1757.0,2,0,5,CSE,6,56,True,high
8.24,80,79,6,1493.0,7,2,2,CSE,6,57,True,high
7.76,242,30,10,1442.0,1,0,4,IT,7,24,False,none
9.01,343,111,26,1388.0,3,3,0,EEE,5,95,True,high
7.93,308,45,13,1113.0,1,2,2,CSE,5,69,True,mid
7.97,163,96,21,1346.0,3,0,5,ECE,7,79,True,high
7.4,99,51,15,1893.0,3,1,1,ECE,7,2,True,high
7.74,343,137,45,1306.0,2,3,0,CSE,7,20,True,high
8.14,208,73,11,1361.0,3,3,2,ECE,5,31,True,high
5.92,170,40,48,1714.0,2,3,0,EEE,6,1,True,high
6.32,35,76,45,1015.0,0,3,4,CSE,7,19,True,mid
8.62,130,130,9,1555.0,1,1,1,CSE,7,74,True,high
7.99,310,186,23,1003.0,2,1,5,CSE,5,17,True,high
7.6,221,113,45,1500.0,5,2,0,ECE,8,53,True,high
7.82,72,51,17,1394.0,6,1,1,ECE,6,74,True,high
8.18,77,161,21,1553.0,1,1,2,CSE,6,98,True,high
7.21,262,176,8,1147.0,6,3,5,EEE,6,35,True,high
6.94,11,155,16,1266.0,5,1,5,CSE,6,75,True,high
8.02,117,86,37,1566.0,4,3,3,EEE,8,60,True,high
6.72,295,108,39,1273.0,5,0,0,CSE,5,59,True,high
8.25,58,140,12,1589.0,0,0,1,ECE,6,94,True,mid
5.93,149,68,49,1452.0,4,0,0,EEE,6,35,True,mid
8.93,227,119,36,1289.0,4,0,2,EEE,6,93,True,high
8.32,53,66,5,1321.0,3,0,2,MECH,5,43,False,none
8.08,278,60,20,1401.0,5,0,5,CSE,5,67,True,high
8.88,87,187,35,1345.0,7,0,5,IT,6,65,True,high
9.63,225,70,6,1583.0,3,3,1,MECH,7,43,True,high
8.92,107,151,35,1307.0,5,3,4,ECE,7,76,True,high
5.78,245,190,24,1257.0,4,3,0,CIVIL,7,89,True,high
6.39,291,188,10,1628.0,7,3,0,CSE,7,28,True,high
7.11,158,150,43,1294.0,3,1,2,CSE,6,47,True,high
7.83,313,29,13,1265.0,6,1,0,EEE,8,35,True,high
8.37,75,187,44,800.0,1,2,1,IT,6,91,True,high
7.0,243,145,28,1140.0,7,1,3,CSE,6,7,True,high
8.01,96,95,9,1190.0,5,3,5,EEE,7,4,True,high
6.97,88,55,49,1265.0,5,3,2,MECH,7,95,True,high
7.13,214,52,47,1219.0,3,0,5,IT,6,93,True,high
6.25,288,6,4,1646.0,5,0,5,CSE,5,77,True,high
6.78,346,96,7,1206.0,4,2,5,CSE,5,46,True,high
6.31,263,196,45,1225.0,3,1,3,CSE,8,42,True,high
6.73,313,112,4,1439.0,3,3,0,ECE,5,9,True,high
8.96,139,124,23,1125.0,7,1,4,IT,7,9,True,high
6.76,93,199,39,1791.0,2,2,5,ECE,5,5,True,high
10.0,285,179,25,1601.0,6,0,1,IT,6,15,True,high
8.34,196,131,5,1108.0,6,3,5,MECH,6,59,True,high
8.0,55,161,15,1653.0,2,0,5,ECE,5,25,True,high
6.86,192,196,35,1705.0,7,3,0,CSE,5,20,True,high
8.57,277,160,11,1114.0,4,0,1,CSE,7,99,True,high
7.17,305,120,10,1109.0,1,0,0,CSE,6,57,True,mid
7.93,331,196,2,1247.0,5,2,5,CSE,7,40,True,high
10.0,109,37,43,1046.0,7,1,0,CSE,5,29,True,high
7.69,87,121,36,1205.0,0,0,0,CSE,8,4,True,mid
9.06,281,25,5,1300.0,5,3,2,ECE,8,9,True,high
7.03,348,128,18,1526.0,0,1,3,ECE,5,94,True,high
7.76,171,3,17,1420.0,7,1,4,CSE,8,10,True,high
9.75,53,38,15,1363.0,6,0,3,EEE,6,62,True,high
7.11,247,53,22,1279.0,4,0,3,ECE,7,6,False,none
9.79,143,160,42,1073.0,1,0,1,EEE,6,58,True,high
8.58,201,32,36,1548.0,1,1,2,EEE,7,11,True,high
7.18,287,199,8,1542.0,1,2,2,EEE,7,63,True,high
8.5,27,19,2,1246.0,2,0,0,IT,6,40,False,none
8.87,21,15,7,1125.0,4,1,3,CSE,7,59,True,high
8.48,189,148,37,1789.0,0,1,4,CSE,7,71,True,high
6.07,132,172,3,1462.0,1,3,1,CSE,7,27,True,high
7.0,255,126,11,1499.0,4,0,2,ECE,8,79,True,high
7.53,231,86,43,1510.0,5,2,0,CSE,8,62,True,high
7.72,60,81,30,1099.0,0,3,4,ECE,8,2,True,mid
8.48,80,61,24,1775.0,6,0,3,CSE,8,31,True,high
8.0,57,30,15,1299.0,2,3,4,EEE,6,20,True,high
6.33,28,41,41,1606.0,3,0,2,EEE,6,54,True,mid
8.22,271,11,13,1765.0,7,3,1,CSE,6,17,True,high
8.47,93,64,12,1420.0,7,2,3,ECE,8,52,True,high
8.42,164,72,40,1105.0,0,3,1,CIVIL,5,74,True,high
8.99,62,130,6,800.0,6,3,5,MECH,6,60,True,high
8.72,116,114,11,1390.0,6,3,4,CSE,5,49,True,high
8.31,313,136,36,1463.0,6,0,4,CIVIL,6,7,True,high
7.72,144,105,49,1255.0,5,0,0,CSE,6,11,True,mid
5.97,78,178,3,1434.0,0,2,3,ECE,7,50,True,low
8.27,20,15,1,1508.0,0,3,4,CSE,5,65,True,high
8.03,152,77,34,1648.0,3,1,2,IT,7,40,True,high
8.1,201,124,43,1343.0,1,3,5,CSE,8,21,True,high
6.4,78,130,2,1389.0,5,1,2,CSE,7,8,False,none
6.61,32,151,3,1355.0,6,1,1,IT,5,77,True,high
8.96,190,140,37,1408.0,3,3,5,ECE,8,78,True,high
7.76,302,129,11,1272.0,0,1,5,MECH,7,10,True,high
8.55,18,198,18,1271.0,5,1,2,CSE,5,12,True,high
7.83,280,111,9,1286.0,2,3,4,ECE,7,55,True,high
7.83,102,126,0,1439.0,0,0,2,IT,7,27,False,none
8.83,26,20,16,1188.0,2,3,3,ECE,6,88,True,high
7.23,163,146,15,1287.0,4,2,1,MECH,5,63,True,high
7.91,337,88,8,1852.0,2,1,5,IT,7,63,True,high
7.29,158,46,8,1624.0,0,2,3,EEE,7,69,True,high
7.32,276,149,8,1161.0,3,1,4,CSE,6,54,True,high
7.46,337,160,11,1616.0,0,0,4,CSE,7,36,True,high
8.04,115,159,40,1557.0,0,1,2,CSE,6,32,True,high
7.27,44,191,14,1374.0,4,3,0,ECE,7,24,True,high
9.18,128,84,1,1223.0,6,1,5,IT,6,22,True,high
6.82,23,166,10,1195.0,1,2,5,ECE,6,59,True,high
7.59,23,127,10,1456.0,0,3,0,IT,8,55,True,high
7.32,275,71,7,1188.0,4,2,4,MECH,7,62,True,high
9.39,149,41,31,1674.0,3,0,4,IT,6,7,True,high
8.02,303,8,5,1745.0,4,2,5,IT,6,16,True,high
8.94,128,24,19,1389.0,7,2,1,EEE,7,94,True,high
6.17,247,1,38,1685.0,4,2,5,CIVIL,8,89,True,high
8.09,43,18,34,1297.0,2,3,4,EEE,7,56,True,high
8.78,178,19,7,1221.0,1,0,4,EEE,7,74,True,mid
7.89,19,69,49,1675.0,1,0,1,EEE,8,61,True,mid
8.97,131,16,48,1795.0,5,0,3,EEE,7,93,True,high
7.23,154,123,42,1891.0,6,2,3,CSE,5,10,True,high
9.35,232,88,33,1483.0,3,3,1,ECE,7,66,True,high
10.0,266,195,18,1616.0,5,3,1,CSE,6,39,True,high
7.4,277,93,6,1478.0,6,3,3,CSE,7,39,True,high
7.31,13,83,30,1751.0,6,2,3,ECE,5,55,True,high
9.4,115,130,17,1508.0,4,0,3,CIVIL,6,52,True,high
9.54,94,86,39,1601.0,3,2,3,EEE,6,84,True,high
7.22,223,50,13,1116.0,6,3,5,CSE,5,98,True,high
7.34,130,81,38,1342.0,3,2,5,MECH,6,27,True,high
7.49,141,153,35,1603.0,1,1,2,IT,7,85,True,high
6.32,347,183,16,1581.0,1,0,1,MECH,6,41,True,high
6.79,206,191,36,1625.0,1,0,0,EEE,7,45,True,mid
6.7,28,7,43,1430.0,0,3,2,CSE,7,17,True,mid
6.96,139,164,8,1237.0,4,2,0,CSE,7,22,True,high
7.76,21,120,19,1385.0,7,3,0,ECE,7,25,True,high
8.06,90,154,44,1412.0,3,2,4,CSE,5,98,True,high
9.51,339,172,27,1460.0,4,1,1,CSE,6,28,True,high
6.7,271,3,49,1158.0,6,0,5,IT,8,51,True,high
8.88,134,85,19,1334.0,3,0,2,EEE,7,74,True,high
7.56,316,127,40,1378.0,3,2,1,CSE,7,45,True,high
7.75,276,109,35,839.0,5,0,3,CSE,7,0,True,high
8.54,149,98,26,1608.0,3,2,1,CSE,5,62,True,high
6.57,338,36,7,1441.0,3,3,0,CSE,7,15,True,mid
8.22,11,70,31,1466.0,2,1,5,EEE,5,24,True,high
7.98,17,32,0,1271.0,7,2,3,CSE,8,61,True,high
8.34,259,30,16,1547.0,2,1,1,MECH,6,81,True,high
8.12,148,182,8,1192.0,5,3,1,MECH,7,79,True,high
10.0,133,124,19,1231.0,0,3,5,EEE,5,82,True,high
7.1,318,11,44,1557.0,1,3,0,MECH,8,15,True,high
7.22,237,10,31,1489.0,6,2,3,CSE,8,68,True,high
7.11,19,87,1,1081.0,6,1,0,ECE,5,90,True,mid
7.19,221,71,31,1794.0,7,1,5,EEE,6,69,True,high
7.1,121,31,44,1210.0,3,0,1,EEE,5,33,True,high
9.11,17,56,8,1367.0,4,2,2,CSE,7,79,True,high
9.36,301,165,29,1837.0,6,0,2,CSE,6,52,True,high
7.17,262,187,19,885.0,2,0,4,CSE,7,22,True,low
6.88,23,85,37,973.0,1,2,2,ECE,5,42,False,none
8.32,249,18,0,1510.0,0,0,5,MECH,7,43,True,mid
7.19,251,115,4,800.0,1,0,5,ECE,7,31,True,low
8.5,158,183,34,889.0,3,0,5,MECH,7,22,True,high
8.02,245,13,35,1694.0,7,3,3,CSE,7,19,True,high
6.13,315,32,0,1298.0,1,2,4,CIVIL,5,18,True,mid
9.5,176,9,13,1949.0,3,3,3,ECE,7,92,True,high
9.78,29,79,8,1141.0,5,0,2,CSE,7,71,True,high
7.13,225,191,29,1320.0,2,0,2,EEE,7,28,True,high
7.37,144,63,23,1535.0,2,3,1,ECE,5,17,True,high
8.11,138,189,3,1518.0,3,0,3,CSE,7,68,True,high
8.17,303,67,49,1336.0,4,2,0,MECH,8,11,True,high
8.52,255,91,13,1238.0,2,1,1,IT,8,9,True,low
10.0,198,124,24,1458.0,7,3,3,CSE,7,36,True,high
7.61,53,170,3,1744.0,4,1,5,ECE,6,80,True,high
6.92,95,79,24,1591.0,3,1,4,CSE,6,95,True,high
6.28,53,58,9,1242.0,5,1,3,IT,5,54,True,mid
7.0,339,179,34,1152.0,3,3,4,CSE,6,3,True,high
7.76,154,96,6,1227.0,5,0,4,CSE,5,94,True,high
9.77,60,18,41,1082.0,6,2,2,ECE,6,62,True,high
7.23,251,148,12,1437.0,2,0,0,CSE,8,89,True,high
8.05,303,21,3,1603.0,7,2,3,CSE,8,11,True,high
7.78,60,8,49,1382.0,4,0,0,CSE,8,17,True,low
9.11,275,8,42,1830.0,7,1,4,CSE,5,7,True,high
10.0,129,26,35,1844.0,3,1,2,CSE,8,31,True,high
7.22,209,16,13,1477.0,6,2,0,CIVIL,5,83,True,high
7.26,257,171,17,1575.0,2,3,1,IT,7,48,True,high
8.95,79,44,7,1175.0,7,0,4,ECE,7,62,True,high
8.55,66,7,31,1310.0,6,1,1,EEE,6,76,True,high
9.83,48,145,26,1718.0,5,2,5,EEE,8,58,True,high
8.44,298,124,41,1255.0,3,0,0,CSE,6,86,True,high
7.4,27,122,36,1772.0,6,2,0,CSE,7,66,True,high
8.45,229,32,22,1678.0,7,3,0,EEE,5,98,True,high
9.02,322,0,6,1588.0,6,3,5,CSE,8,38,True,high
8.7,253,5,11,1107.0,5,0,3,ECE,6,49,True,high
8.36,313,40,24,1322.0,1,3,4,ECE,7,84,True,high
8.97,307,182,2,1561.0,7,0,4,ECE,7,70,True,high
9.09,292,4,25,1154.0,5,0,4,MECH,7,25,True,high
9.32,83,186,3,1352.0,1,3,3,EEE,7,22,True,high
8.51,119,79,41,1588.0,2,2,0,IT,6,95,True,high
7.62,189,17,35,1258.0,3,2,0,MECH,7,62,True,high
7.96,41,176,14,1188.0,6,0,5,CSE,8,65,True,high
9.13,243,81,31,950.0,2,1,1,EEE,8,38,True,high
6.9,291,64,28,1303.0,0,0,3,EEE,5,65,True,low
8.21,34,82,9,1593.0,5,2,2,EEE,5,45,True,high
7.37,340,181,20,1182.0,2,0,3,ECE,6,14,True,mid
7.83,288,188,15,1404.0,2,2,5,CSE,7,15,True,high
9.21,235,135,46,1344.0,6,3,1,IT,6,89,True,high
8.01,66,130,18,1233.0,1,0,1,CIVIL,7,71,True,mid
7.85,189,24,28,1609.0,5,0,1,ECE,8,15,True,high
6.3,241,68,17,1811.0,1,3,0,CSE,6,84,True,high
8.62,296,182,43,1651.0,3,3,2,MECH,6,38,True,high
8.51,73,167,15,1226.0,2,1,1,ECE,8,10,True,mid
10.0,241,81,0,1898.0,5,3,4,CSE,6,87,True,high
7.46,298,177,47,1650.0,2,1,0,EEE,6,35,True,high
8.04,222,116,1,1286.0,3,3,2,MECH,6,17,True,high
8.07,267,94,14,1206.0,4,2,4,CSE,6,22,True,high
9.54,27,32,38,1680.0,3,0,2,MECH,7,76,True,high
7.7,184,110,27,1443.0,1,3,5,EEE,6,48,True,high
8.11,238,145,0,1187.0,1,2,2,ECE,6,41,True,high
8.47,235,124,4,1363.0,7,3,4,CSE,7,43,True,high
8.01,93,184,41,1298.0,2,0,3,CSE,6,0,True,high
7.31,300,15,21,1194.0,1,3,2,CSE,6,6,True,high
8.01,255,79,35,1654.0,5,3,3,CSE,7,47,True,high
8.98,119,37,45,1595.0,3,0,2,CSE,8,84,True,high
6.67,263,168,12,1610.0,2,3,5,ECE,6,15,True,high
7.95,97,134,0,1606.0,3,0,4,CSE,5,47,True,high
7.03,81,77,15,1171.0,3,1,2,CSE,7,77,True,mid
9.11,39,180,40,1249.0,2,3,1,CSE,7,42,True,high
6.12,181,62,21,1765.0,6,2,5,CSE,6,50,True,high
7.19,318,111,31,1427.0,4,3,1,EEE,5,65,True,high
8.21,186,88,15,1032.0,7,0,5,ECE,5,30,True,high
9.52,148,159,14,1454.0,6,0,5,CSE,7,38,True,high
7.73,203,37,45,1564.0,1,2,2,CSE,6,8,True,high
7.19,195,149,41,1531.0,0,2,4,EEE,8,40,True,high
9.87,227,143,11,1166.0,7,0,4,CSE,7,62,True,high
6.21,173,51,0,1872.0,6,1,0,IT,7,13,True,high
5.5,170,28,16,1025.0,0,1,4,EEE,8,57,True,low
8.28,22,143,40,1428.0,0,0,3,CSE,5,73,True,high
7.25,305,75,49,1834.0,1,1,2,ECE,7,87,True,high
6.68,98,144,27,1548.0,4,2,1,EEE,5,96,True,high
8.58,333,63,6,1609.0,3,1,4,CSE,6,97,True,high
8.07,51,90,8,1137.0,2,2,1,CSE,5,83,True,high
7.18,219,88,21,1487.0,4,3,0,ECE,5,63,True,high
6.39,238,12,25,1391.0,0,2,2,IT,8,27,True,mid
8.76,284,71,11,1117.0,7,3,4,CSE,7,3,True,high
8.52,288,183,6,1616.0,5,2,1,ECE,8,33,True,high
7.69,260,4,45,1195.0,1,2,5,CSE,6,3,True,high
9.83,319,11,46,1225.0,6,1,4,ECE,7,69,True,high
6.62,217,168,14,1508.0,7,2,0,EEE,5,57,True,high
6.12,330,2,37,1364.0,1,0,5,ECE,6,85,True,mid
7.04,149,32,20,1442.0,6,3,1,MECH,7,3,True,high
7.75,289,120,13,1349.0,2,3,1,CSE,5,49,True,high
8.07,43,49,1,1753.0,5,2,2,EEE,7,4,True,high
7.53,318,183,7,1169.0,3,0,2,CSE,6,74,True,mid
8.19,27,136,44,1284.0,4,2,1,MECH,6,44,True,high
6.42,66,177,5,1520.0,5,2,5,MECH,7,34,True,high
9.39,121,28,36,1153.0,4,1,2,MECH,8,82,True,high
7.71,14,38,36,1142.0,4,2,1,CSE,5,74,True,high
9.03,191,90,32,1434.0,3,2,5,EEE,7,74,True,high
8.18,22,99,40,1617.0,3,1,3,ECE,7,26,True,high
8.3,348,172,5,1649.0,6,1,4,IT,5,1,True,high
8.43,294,16,25,1423.0,3,0,3,CSE,7,53,True,high
8.29,268,55,38,1232.0,2,1,3,MECH,6,71,True,high
8.51,99,45,40,1469.0,1,3,4,CSE,5,97,True,high
9.26,113,66,36,1542.0,0,3,1,CSE,5,83,True,high
8.02,195,196,13,1465.0,3,0,1,CSE,8,86,True,high
8.58,259,141,36,1709.0,1,2,2,CSE,5,78,True,high
7.7,264,66,7,1146.0,6,0,0,CSE,6,47,True,high
9.38,85,22,38,1226.0,3,1,1,CSE,5,76,True,high
7.06,117,93,12,1674.0,0,2,4,CSE,5,94,True,high
9.78,165,188,12,1032.0,5,0,0,MECH,6,48,True,high
7.76,91,150,39,1265.0,7,0,4,ECE,6,77,True,high
6.23,86,154,42,1217.0,3,3,4,MECH,6,0,True,high
7.94,267,53,27,1009.0,1,0,4,EEE,5,90,True,mid
7.05,136,137,17,1353.0,6,2,0,MECH,8,32,True,high
8.72,291,76,18,1587.0,6,0,3,ECE,7,34,True,high
7.08,97,15,37,1439.0,7,0,5,CSE,5,53,True,high
7.31,213,40,31,1600.0,2,1,4,EEE,6,55,True,high
5.72,25,97,21,1698.0,6,0,2,EEE,5,14,True,high
7.3,160,182,1,1304.0,5,2,1,EEE,7,68,True,high
5.5,263,127,12,2062.0,6,3,5,MECH,6,3,True,high
6.06,197,60,22,1314.0,6,3,1,EEE,5,83,False,none
8.64,338,85,24,1347.0,5,3,1,ECE,5,63,True,high
8.66,41,117,27,1223.0,7,3,0,MECH,6,21,True,high
8.27,280,99,10,1536.0,7,1,2,EEE,8,23,True,high
6.74,14,48,32,1327.0,5,2,2,CSE,5,46,True,high
7.75,339,179,23,1380.0,0,1,5,ECE,5,74,True,high
7.8,317,1,1,1349.0,1,3,2,EEE,7,5,True,high
6.53,342,119,29,1343.0,4,1,2,ECE,7,26,True,high
9.45,178,177,16,1440.0,6,0,2,IT,5,9,True,high
8.77,190,122,39,1287.0,7,2,5,CSE,6,38,True,high
7.56,187,85,33,1299.0,4,0,3,EEE,6,73,True,high
7.83,152,170,37,1668.0,4,1,2,MECH,5,89,True,high
8.03,257,76,21,1327.0,2,0,2,EEE,6,36,True,mid
5.55,136,135,4,1496.0,3,1,0,CSE,5,53,True,low
7.53,272,58,47,1178.0,6,1,0,CSE,7,96,True,high
7.05,49,192,39,1289.0,3,2,2,ECE,8,50,True,high
6.7,264,11,15,1092.0,3,2,3,CSE,7,59,True,high
7.49,152,3,12,1864.0,2,2,2,CIVIL,6,71,True,high
9.78,249,116,25,1744.0,4,3,2,CSE,7,50,True,high
8.5,237,94,30,1549.0,5,2,2,EEE,7,61,True,high
7.17,207,124,38,1938.0,3,0,4,CSE,8,48,True,high
8.43,74,40,47,1593.0,7,2,3,ECE,7,50,True,high
9.34,20,122,22,1357.0,5,2,1,EEE,7,27,True,high
8.82,117,6,47,1493.0,5,2,2,CSE,6,35,True,high
7.87,35,68,11,1740.0,2,1,1,EEE,6,24,True,high
7.09,160,68,13,1180.0,7,1,3,CSE,6,35,True,high
8.57,230,80,17,1107.0,2,2,2,EEE,5,76,True,high
8.23,246,29,26,1502.0,1,1,1,ECE,6,59,True,high
8.78,246,72,27,1253.0,6,1,5,CSE,6,6,True,high
8.5,228,5,17,835.0,3,3,1,CSE,7,64,True,high
8.95,160,88,15,1089.0,4,0,3,EEE,8,72,True,high
7.21,132,146,15,1322.0,0,1,2,CSE,6,91,True,high
9.25,153,65,12,1412.0,7,0,4,CSE,5,35,True,high
8.02,198,9,28,1419.0,2,1,3,MECH,8,93,True,high
10.0,264,143,8,1901.0,5,2,4,CSE,8,72,True,high
7.04,77,36,25,1348.0,1,1,2,EEE,6,29,True,mid
9.71,113,76,27,1470.0,0,1,1,ECE,5,98,True,high
8.02,345,76,40,994.0,2,0,5,CSE,6,46,True,high
7.08,168,31,12,1392.0,1,2,5,CSE,5,90,True,high
7.27,318,46,35,1484.0,5,3,3,ECE,8,28,True,high
7.45,309,109,8,1056.0,3,0,3,CSE,7,4,True,high
8.27,99,199,46,1167.0,6,2,3,CSE,6,64,True,high
8.38,265,170,13,1522.0,6,2,0,EEE,8,68,True,high
7.17,229,119,11,1263.0,1,0,5,ECE,7,62,True,mid
7.77,18,163,31,1374.0,2,1,5,CSE,8,92,True,high
10.0,21,153,37,1535.0,6,2,2,ECE,8,55,True,high
9.7,334,9,2,1909.0,6,3,0,ECE,5,16,True,high
8.28,253,158,15,1345.0,3,1,3,ECE,5,50,True,high
7.84,191,96,19,1842.0,5,0,3,EEE,7,36,True,high
7.93,293,156,31,910.0,4,0,4,IT,8,87,True,high
8.47,321,4,22,1437.0,6,0,0,CSE,8,90,True,high
6.67,108,76,16,1316.0,1,0,1,CSE,7,8,True,low
7.52,206,0,15,1267.0,0,3,5,CSE,5,37,True,high
5.96,235,130,37,1565.0,7,3,2,CSE,5,52,True,high
8.24,342,66,7,1346.0,5,2,1,CSE,7,12,True,high
8.51,112,198,18,894.0,3,3,1,CSE,7,89,True,high
7.27,115,162,29,1003.0,5,0,2,EEE,7,52,True,high
9.53,67,14,33,1581.0,3,3,3,CSE,6,74,True,high
6.45,87,194,13,991.0,5,1,5,EEE,7,87,True,high
6.19,84,92,21,1587.0,7,1,4,CSE,8,96,True,high
8.05,51,29,43,1431.0,4,2,3,IT,6,48,True,high
8.95,333,102,16,1357.0,1,0,3,ECE,6,69,True,high
9.65,190,81,14,1380.0,0,3,0,MECH,7,34,True,high
7.3,42,74,49,1529.0,6,2,1,CIVIL,8,15,True,high
8.99,80,170,47,1106.0,4,2,1,CIVIL,6,12,True,high
7.76,65,59,31,1411.0,1,3,5,ECE,6,10,True,high
7.61,114,39,12,1115.0,0,2,1,CSE,6,86,True,mid
8.77,209,192,20,1441.0,5,0,4,ECE,6,1,True,high
8.52,110,156,48,1562.0,7,3,4,ECE,5,93,True,high
6.07,265,73,39,1441.0,6,1,4,CSE,7,18,True,high
9.42,316,120,32,1552.0,0,1,2,CSE,6,44,True,high
9.32,83,146,26,1225.0,2,3,5,CSE,7,45,True,high
7.11,180,2,34,1384.0,0,2,4,CSE,5,46,True,high
8.24,152,35,15,1341.0,1,2,0,CSE,5,48,True,mid
8.34,175,42,27,1324.0,4,1,0,ECE,7,78,True,high
8.09,270,142,33,1200.0,6,1,3,CSE,7,41,True,high
7.19,230,168,46,1292.0,4,0,3,ECE,6,32,True,high
7.06,92,114,0,1122.0,6,2,5,MECH,8,40,True,high
7.77,191,108,40,976.0,2,0,3,ECE,5,68,True,high
9.09,316,89,47,1225.0,1,1,3,IT,6,85,True,high
8.4,19,163,30,1556.0,7,1,0,CSE,7,90,True,high
7.39,13,83,35,1459.0,7,1,3,CIVIL,8,98,True,high
8.65,345,76,43,1086.0,0,1,0,CSE,6,18,True,high
5.5,301,160,32,1298.0,2,0,4,IT,6,38,True,mid
9.06,290,4,32,1573.0,5,1,4,CSE,7,6,True,high
5.89,224,77,38,1288.0,3,3,5,EEE,6,38,True,high
7.4,107,90,17,1046.0,5,2,2,CSE,7,97,True,high
6.57,110,86,22,1964.0,1,1,3,EEE,6,33,True,high
6.38,18,13,22,1358.0,2,2,4,CSE,8,90,True,mid
9.08,70,103,14,1109.0,4,1,4,EEE,6,43,True,high
7.29,318,195,25,1443.0,2,0,5,EEE,8,68,True,high
8.18,155,82,29,1379.0,3,2,1,IT,6,67,True,high
7.75,72,174,24,1015.0,7,0,1,EEE,8,62,True,high
8.32,130,53,44,1423.0,1,1,5,ECE,6,70,True,high
7.88,235,131,15,1646.0,2,3,0,CSE,6,47,True,high
6.39,114,94,38,1342.0,6,3,2,EEE,6,2,True,high
8.9,269,8,47,885.0,5,3,5,CSE,8,84,True,high
7.26,264,52,44,1485.0,0,3,1,MECH,6,33,True,high
6.09,216,76,13,1551.0,5,3,2,CSE,6,8,True,high
7.33,37,59,16,1253.0,1,0,4,ECE,5,60,True,high
9.45,179,45,11,1255.0,7,3,5,ECE,8,19,True,high
8.74,345,53,28,1964.0,2,1,0,CSE,6,39,True,high
7.42,85,73,31,1235.0,7,0,2,EEE,6,11,False,none
7.42,125,111,23,1120.0,5,0,1,CSE,8,27,True,high
7.45,78,94,12,1406.0,2,3,4,CSE,8,47,True,high
10.0,243,164,19,1544.0,5,2,5,IT,6,96,True,high
8.22,10,22,14,1533.0,1,1,3,CSE,8,73,True,high
8.27,176,26,3,800.0,4,0,4,EEE,6,74,False,none
8.93,227,69,33,1235.0,7,1,1,ECE,5,6,True,high
8.06,282,193,27,1688.0,7,2,5,EEE,8,81,True,high
7.52,260,108,49,1482.0,5,0,1,CSE,7,82,True,high
7.58,183,188,1,1091.0,0,1,3,ECE,6,13,True,mid
7.72,179,76,46,1711.0,5,3,4,CSE,5,80,True,high
7.76,255,178,29,1641.0,1,0,2,ECE,6,86,True,high
8.6,99,49,25,1326.0,5,0,2,IT,7,18,True,high
7.86,58,123,46,1620.0,0,0,4,CSE,8,53,True,high
8.61,303,18,25,1900.0,6,0,2,MECH,6,59,True,high
7.71,159,0,19,1136.0,0,3,5,CSE,8,66,True,high
7.89,141,39,41,1539.0,1,2,4,CSE,6,33,True,high
5.6,68,159,27,1896.0,2,2,4,CSE,7,88,True,high
8.81,333,21,19,1563.0,5,1,1,CSE,5,40,True,high
8.18,208,111,10,1211.0,4,3,0,CSE,7,30,True,high
8.9,224,193,9,1460.0,0,3,1,CSE,6,38,True,high
5.5,58,39,22,1742.0,6,1,2,EEE,8,77,True,high
10.0,241,37,36,1146.0,0,3,0,CSE,6,51,True,high
7.65,256,47,40,1392.0,5,3,4,CSE,6,46,True,high
9.02,248,182,18,1339.0,2,0,2,CSE,8,19,True,high
6.66,177,74,44,1242.0,7,0,3,MECH,6,95,True,high
8.47,57,182,17,1460.0,5,0,2,CSE,6,96,True,high
6.64,60,178,48,1375.0,7,3,0,IT,7,51,True,high
7.11,308,106,26,1561.0,6,3,0,CSE,8,94,True,high
9.91,107,187,5,1685.0,6,2,4,CSE,6,70,True,high
7.59,225,7,9,1082.0,1,0,5,CSE,5,61,True,mid
8.04,186,85,1,1417.0,4,1,3,CSE,6,4,True,high
8.76,89,67,23,1387.0,5,3,4,MECH,8,56,True,high
8.35,194,74,37,1451.0,0,0,3,ECE,5,3,True,high
7.97,36,199,27,1396.0,0,2,3,CSE,6,10,True,high
8.2,204,136,27,1155.0,1,0,4,CSE,7,18,True,mid
10.0,223,89,44,1764.0,2,2,2,CSE,5,83,True,high
7.74,123,129,49,1870.0,5,2,1,IT,6,26,True,high
8.02,251,79,38,1537.0,3,3,3,MECH,8,28,True,high
8.96,133,94,1,1550.0,2,2,0,ECE,5,17,True,high
9.02,314,69,45,1433.0,0,2,4,ECE,7,36,True,high
9.11,85,89,4,1642.0,6,1,5,CIVIL,8,60,True,high
8.5,320,58,49,800.0,5,2,2,ECE,6,46,True,high
6.54,321,146,10,1399.0,6,1,3,CIVIL,6,88,True,high
9.6,205,27,9,1257.0,0,1,5,ECE,8,19,True,high
6.54,53,71,42,1436.0,4,0,2,CSE,7,69,True,high
8.13,195,13,1,1673.0,2,0,4,EEE,5,99,True,high
6.97,255,23,14,1405.0,3,3,5,ECE,6,48,True,high
7.73,93,111,38,1310.0,4,3,0,EEE,7,14,True,high
8.16,216,43,40,1049.0,3,3,3,CSE,6,17,True,high
8.15,160,55,36,1373.0,4,2,3,EEE,7,37,True,high
8.26,165,119,6,1568.0,2,0,5,CSE,8,88,True,high
9.58,25,178,19,1190.0,0,2,2,CSE,6,83,True,high
8.3,174,31,33,899.0,3,0,4,EEE,8,21,True,mid
7.53,154,177,34,1969.0,7,2,1,ECE,7,75,True,high
8.86,46,168,33,1484.0,2,3,3,EEE,5,59,True,high
9.11,342,193,21,1345.0,3,0,0,IT,7,96,True,high
6.45,54,24,30,1748.0,7,0,3,EEE,7,92,True,high
8.46,215,115,22,1435.0,2,1,3,EEE,6,65,True,high
8.57,71,188,18,1733.0,4,0,1,EEE,6,25,True,high
7.47,317,65,3,1712.0,2,0,1,CSE,7,63,True,mid
9.31,28,41,23,1081.0,4,2,4,MECH,7,95,True,high
7.63,309,192,19,1515.0,0,3,3,CSE,8,57,True,high
7.94,16,163,38,1831.0,4,1,3,EEE,8,2,True,high
7.61,258,75,27,1150.0,1,2,2,CSE,6,29,True,high
7.82,126,136,38,1153.0,0,0,2,CSE,7,18,False,none
6.59,77,163,16,1196.0,6,2,5,CSE,5,9,True,high
6.22,43,37,18,1623.0,6,3,5,EEE,5,88,True,high
9.55,203,160,47,1471.0,6,1,0,CSE,5,45,True,high
6.87,334,169,34,916.0,5,2,0,CSE,7,18,True,high
6.71,64,60,31,1485.0,7,0,2,ECE,5,57,True,high
5.5,275,173,46,1337.0,5,2,5,CSE,6,84,True,high
7.1,51,88,45,1372.0,2,0,0,CSE,6,5,False,none
6.34,306,188,46,1191.0,2,1,3,CSE,6,50,True,high
9.61,240,17,45,1487.0,7,1,5,EEE,8,13,True,high
8.91,19,69,38,1663.0,1,2,1,ECE,8,57,True,high
7.04,137,81,34,1240.0,2,1,5,CIVIL,7,7,True,high
10.0,188,115,29,979.0,0,3,3,CSE,7,1,True,high
8.88,202,79,16,1324.0,0,2,2,CSE,7,17,True,high
7.44,101,14,41,1589.0,6,0,4,CSE,7,85,True,high
5.5,240,175,46,1295.0,4,2,4,IT,7,56,True,high
10.0,87,199,28,1026.0,3,0,2,ECE,5,93,True,high
6.27,94,12,5,1591.0,2,1,3,ECE,6,99,True,mid
5.99,39,118,16,1754.0,1,0,0,IT,6,91,True,mid
8.92,222,42,16,1405.0,6,0,5,CSE,6,34,True,high
10.0,58,187,13,999.0,7,0,5,CSE,6,65,True,high
9.32,274,56,23,1321.0,5,0,0,EEE,7,55,True,high
8.42,154,198,49,1438.0,7,3,4,MECH,7,99,True,high
8.45,78,16,36,1198.0,0,0,2,EEE,5,81,True,mid
8.74,67,177,39,1546.0,0,2,2,MECH,6,42,True,high
8.63,194,31,38,1173.0,0,3,1,ECE,7,72,True,high
8.11,71,149,31,1406.0,3,0,4,CIVIL,5,91,True,high
7.91,317,54,35,1343.0,3,0,2,ECE,5,71,True,high
7.73,305,184,49,1554.0,2,0,1,CSE,8,7,True,high
6.97,175,12,36,1396.0,5,3,0,ECE,6,4,True,high
7.49,180,46,47,1351.0,1,0,4,EEE,8,12,True,mid
5.94,72,86,13,1199.0,3,0,4,EEE,8,6,True,low
7.69,156,61,26,1409.0,7,0,2,CSE,8,20,True,high
6.71,315,181,18,1335.0,4,1,2,CSE,5,92,True,high
6.59,170,28,30,1182.0,3,2,3,CSE,5,36,True,mid
8.0,150,21,45,1440.0,0,0,0,IT,6,44,False,none
9.33,343,64,8,1491.0,7,2,0,CSE,5,51,True,high
8.81,106,28,37,1315.0,1,1,5,ECE,6,47,True,high
6.07,230,47,16,1633.0,2,1,1,EEE,7,61,True,mid
6.71,52,4,18,1466.0,3,0,1,CIVIL,8,77,False,none
8.83,301,162,43,1079.0,0,2,3,MECH,8,50,True,high
6.72,117,100,3,1734.0,6,3,5,IT,6,3,True,high
7.55,275,70,47,1592.0,4,0,0,EEE,7,85,True,high
8.41,104,173,10,1650.0,4,3,1,CIVIL,6,55,True,high
6.73,271,162,21,1500.0,6,1,0,CSE,6,74,True,high
7.92,322,172,3,816.0,2,1,0,ECE,8,33,True,mid
6.33,80,140,16,1673.0,2,2,5,MECH,5,44,True,high
7.14,228,137,7,1415.0,3,3,1,CSE,7,15,True,high
8.15,30,65,45,1488.0,2,3,2,CIVIL,8,8,True,high
6.05,101,197,33,1535.0,7,0,2,CSE,5,79,True,high
8.28,136,71,10,1884.0,5,2,5,CSE,8,15,True,high
7.78,89,24,30,1263.0,5,2,1,CSE,5,94,True,high
8.41,321,171,10,1270.0,0,3,3,ECE,8,30,True,high
8.05,247,59,37,1187.0,0,1,4,CSE,6,12,True,high
9.3,191,174,20,1133.0,7,2,5,CSE,5,4,True,high
7.94,34,39,45,1137.0,0,1,0,CIVIL,5,46,True,mid
7.33,165,6,29,937.0,5,0,5,IT,7,38,True,mid
7.93,14,173,9,1507.0,3,2,4,CSE,8,17,True,high
8.4,129,150,25,1897.0,3,2,5,ECE,7,19,True,high
7.85,286,45,26,1913.0,2,0,1,ECE,8,1,True,mid
7.84,27,85,7,1187.0,3,2,0,CSE,8,39,True,high
7.03,207,140,38,1332.0,0,3,4,ECE,5,29,True,high
7.07,66,20,7,1708.0,1,3,2,ECE,7,9,True,low
6.26,102,0,7,1508.0,0,0,3,ECE,6,63,True,mid
9.72,28,122,33,1434.0,5,1,5,MECH,6,41,True,high
6.43,202,146,15,1336.0,6,1,5,ECE,5,74,True,high
7.04,246,124,40,1695.0,1,2,4,CSE,6,52,True,high
7.01,286,187,12,1132.0,2,1,3,ECE,7,92,True,high
8.78,236,32,22,1520.0,4,1,5,EEE,6,52,True,high
7.48,242,3,11,1486.0,6,0,2,EEE,7,39,True,high
9.17,49,2,26,1411.0,3,1,4,EEE,8,15,True,high
7.06,332,90,21,1597.0,3,1,1,EEE,5,47,True,high
8.11,162,51,31,1408.0,5,1,0,CSE,7,60,True,high
6.88,136,27,48,1266.0,0,3,2,ECE,7,91,True,high
10.0,246,69,26,1423.0,0,3,3,EEE,5,80,True,high
6.49,64,197,1,1002.0,1,0,3,MECH,7,37,True,low
8.14,181,182,44,1553.0,3,2,2,ECE,6,43,True,high
8.5,118,56,32,1617.0,6,0,1,CSE,6,14,True,high
8.26,193,107,25,1236.0,5,2,5,EEE,5,94,True,high
7.6,207,143,27,1176.0,6,2,1,CSE,7,60,True,high
7.66,96,23,18,1245.0,2,1,5,CSE,6,6,True,mid
7.85,210,196,42,1384.0,0,1,5,ECE,6,29,True,high
7.64,346,168,4,1454.0,7,0,3,CSE,5,35,True,high
8.86,331,76,32,1804.0,6,0,5,CSE,8,89,True,high
10.0,284,174,19,1772.0,3,0,2,CSE,8,10,True,high
7.19,220,75,29,1608.0,4,3,5,MECH,7,69,True,high
6.29,127,68,44,1430.0,5,3,2,CSE,6,28,True,high
7.7,200,100,7,1168.0,1,3,0,EEE,5,91,True,high
10.0,51,158,37,1820.0,0,3,3,EEE,8,78,True,high
6.92,51,91,16,1338.0,0,3,1,ECE,5,92,True,high
9.6,324,91,43,1470.0,2,1,4,CSE,5,5,True,high
9.65,285,29,0,1557.0,0,2,1,EEE,6,75,True,high
7.19,338,17,2,1415.0,5,3,1,CSE,7,50,True,high
8.43,26,43,45,1688.0,3,0,4,CSE,6,79,True,high
9.59,292,154,25,1514.0,3,2,3,CSE,5,37,True,high
7.38,267,98,30,1647.0,3,3,5,CSE,7,72,True,high
7.58,72,153,7,1512.0,7,3,0,MECH,7,21,True,high
7.16,71,120,42,1391.0,4,1,1,EEE,7,96,True,high
6.68,109,114,45,1419.0,4,1,5,CSE,6,89,True,high
7.09,28,59,7,1384.0,7,1,1,IT,7,53,True,high
6.45,26,145,34,1079.0,0,3,3,CSE,6,39,True,high
7.84,334,55,38,1150.0,6,1,3,EEE,7,6,True,high
6.95,255,30,27,1585.0,4,3,2,MECH,7,95,True,high
8.06,260,100,3,1085.0,6,2,3,MECH,6,39,True,high
6.09,90,58,15,1299.0,6,2,3,CSE,6,23,True,mid
8.16,48,123,12,1137.0,4,3,1,EEE,5,40,True,high
8.72,45,129,19,1286.0,7,0,0,CSE,6,50,True,high
5.61,206,96,4,1361.0,2,3,1,CSE,6,38,True,mid
8.21,167,166,36,1298.0,4,2,5,ECE,7,82,True,high
9.15,213,188,19,1043.0,1,2,3,MECH,5,42,True,high
6.47,205,106,23,1354.0,7,3,2,CSE,8,68,True,high
9.64,225,190,35,1160.0,1,3,0,CSE,6,93,True,high
8.26,294,17,33,1241.0,6,3,2,CSE,6,58,True,high
7.02,205,144,44,1585.0,1,2,4,CSE,5,24,True,high
7.74,316,166,47,1639.0,0,0,2,CSE,7,93,True,high
8.41,161,70,33,1072.0,3,3,2,IT,7,24,True,high
7.88,23,105,18,1792.0,2,2,5,CSE,8,72,True,high
8.39,334,53,16,1272.0,0,3,3,CSE,6,90,True,high
6.79,155,93,4,1250.0,3,2,5,EEE,6,23,True,high
7.99,66,75,24,1177.0,2,3,3,MECH,7,61,True,high
6.24,220,34,17,1414.0,6,2,5,MECH,7,42,True,high
7.68,277,10,49,1895.0,2,3,3,EEE,8,58,True,high
6.81,219,60,7,1015.0,2,1,3,CSE,6,53,True,high
6.99,26,43,26,886.0,1,3,3,MECH,7,78,True,mid
9.16,295,120,14,1467.0,1,2,2,ECE,5,25,True,high
9.0,212,67,44,1542.0,1,3,4,EEE,6,53,True,high
8.47,108,24,12,1413.0,2,0,3,IT,5,60,True,mid
6.6,288,175,15,1549.0,5,3,4,MECH,7,93,True,high
7.45,218,159,21,1117.0,7,3,4,MECH,7,74,True,high
9.13,138,83,19,1164.0,2,3,1,CSE,5,92,True,high
7.96,344,113,12,1431.0,7,0,1,ECE,6,78,True,high
10.0,297,131,19,1840.0,7,0,0,IT,6,43,True,high
8.23,261,165,1,1540.0,1,0,5,ECE,6,8,True,high
8.01,274,190,34,1552.0,2,1,1,CSE,5,41,True,high
7.46,280,174,46,1132.0,1,0,3,EEE,6,28,True,high
7.95,197,0,18,1506.0,1,1,4,CSE,7,78,True,mid
7.63,223,130,44,1104.0,1,3,5,EEE,6,80,True,high
8.58,292,85,36,1842.0,6,1,0,CIVIL,6,79,True,high
8.85,220,61,5,1147.0,6,3,1,ECE,8,57,True,high
6.94,85,63,13,1201.0,5,1,2,ECE,5,85,True,mid
6.34,157,144,3,1032.0,3,0,5,CSE,7,62,True,mid
5.78,330,125,21,1421.0,7,0,0,CIVIL,6,48,True,high
8.36,222,104,38,1411.0,2,1,3,ECE,8,10,True,high
6.59,118,61,35,1778.0,0,1,5,ECE,6,88,True,high
5.5,138,34,33,1594.0,1,0,4,EEE,7,53,True,low
8.23,19,12,26,1202.0,5,3,3,CSE,5,29,True,high
10.0,56,162,6,1618.0,0,3,3,ECE,8,65,True,high
7.79,324,42,2,1089.0,6,3,5,EEE,6,64,True,high
8.72,105,129,46,1220.0,3,3,2,IT,7,57,True,high
7.89,112,183,32,1430.0,2,2,2,CSE,5,56,True,high
7.69,155,110,1,1117.0,7,3,5,CSE,8,36,True,high
8.81,36,127,41,1666.0,7,2,5,ECE,7,53,True,high
7.48,229,50,15,1970.0,6,2,5,EEE,5,72,True,high
8.09,27,181,24,1326.0,5,0,4,CSE,5,68,True,high
8.15,176,143,14,1237.0,1,0,1,IT,6,23,True,mid
7.07,91,145,23,1368.0,1,1,3,CSE,6,62,True,high
8.89,81,134,14,1261.0,7,3,5,CSE,6,90,True,high
7.61,319,44,30,1465.0,1,3,1,CSE,8,93,True,high
6.97,263,163,13,1069.0,7,0,4,CIVIL,7,50,True,high
8.39,171,168,13,1480.0,5,0,3,CSE,8,14,True,high
6.81,336,41,5,1878.0,6,0,1,ECE,6,46,True,high
7.83,47,134,13,899.0,0,1,3,ECE,7,72,False,none
7.79,210,14,16,1108.0,3,3,2,EEE,6,45,True,high
8.99,209,59,17,1289.0,2,1,5,CSE,6,29,True,high
8.32,264,39,19,1535.0,7,2,2,EEE,7,78,True,high
7.77,188,164,16,1623.0,3,2,0,CSE,6,19,True,high
8.7,44,193,15,1602.0,6,3,4,IT,8,56,True,high
9.33,91,111,39,977.0,1,0,5,MECH,6,48,False,none
8.41,229,182,38,1231.0,3,0,1,CSE,8,55,True,high
7.81,167,76,31,1175.0,0,1,3,IT,7,55,True,mid
6.36,13,104,43,1384.0,4,2,0,CSE,6,24,False,none
6.63,176,106,8,1405.0,6,2,4,MECH,6,8,True,high
7.46,213,121,26,1058.0,4,3,4,ECE,6,21,True,high
7.13,203,79,45,1290.0,2,2,4,ECE,5,76,True,high
7.59,244,124,32,1545.0,2,0,1,CSE,7,36,True,mid
7.86,215,183,9,1243.0,3,0,5,ECE,8,27,True,high
8.38,159,171,16,1350.0,2,0,2,CSE,6,13,True,high
7.72,168,184,48,1824.0,6,3,0,EEE,8,29,True,high
8.34,288,133,48,1898.0,5,1,1,CSE,6,38,True,high
7.87,313,31,35,860.0,7,2,3,EEE,7,56,True,high
5.63,175,107,16,1428.0,0,3,1,EEE,6,4,True,mid
6.77,320,113,17,2129.0,1,1,3,EEE,5,11,True,high
7.64,77,145,22,1520.0,1,3,3,EEE,5,34,True,high
6.47,97,67,33,1405.0,7,2,4,CSE,6,40,True,high
8.46,226,126,7,1728.0,3,0,1,CSE,5,62,True,high
9.48,10,134,12,1455.0,1,1,2,CSE,5,41,True,high
9.14,144,113,22,1577.0,3,1,3,IT,5,64,True,high
7.57,194,7,19,1347.0,7,3,4,ECE,5,64,True,high
9.44,149,63,21,1451.0,2,3,2,EEE,5,42,True,high
7.96,115,134,46,1507.0,7,0,1,CIVIL,7,59,True,high
7.43,142,40,22,1616.0,2,3,2,IT,8,19,True,high
7.13,117,39,40,1292.0,5,2,1,ECE,5,97,True,high
7.47,187,2,34,1285.0,5,2,3,ECE,5,97,True,high
7.37,307,144,2,918.0,0,2,0,CIVIL,7,62,True,mid
7.99,155,193,33,1303.0,7,2,0,MECH,5,23,True,high
7.98,83,109,32,1638.0,1,0,5,EEE,7,91,True,high
7.8,117,113,45,1516.0,6,0,5,EEE,5,74,True,high
8.28,131,111,16,1151.0,5,0,3,EEE,6,71,True,high
9.11,26,179,44,924.0,7,3,2,CSE,5,34,True,high
8.84,205,149,18,1364.0,0,0,1,MECH,6,40,True,mid
6.17,336,3,29,1631.0,4,1,0,EEE,7,15,True,high
5.5,327,133,22,1280.0,5,1,1,CSE,5,79,True,high
8.83,306,165,14,1039.0,0,1,3,CSE,8,5,True,high
6.3,261,25,13,1253.0,3,3,2,CIVIL,6,19,False,none
7.55,128,138,1,1482.0,3,3,1,EEE,8,55,True,high
6.51,171,16,38,1711.0,0,0,2,CSE,5,74,True,mid
5.82,207,91,48,1336.0,2,2,0,CSE,5,7,True,high
8.4,54,30,17,1664.0,4,1,1,EEE,7,83,True,high
8.64,323,162,5,1636.0,0,3,4,CSE,5,95,True,high
7.17,188,143,31,1106.0,5,1,0,ECE,8,96,True,high
5.5,53,106,20,1713.0,2,0,2,EEE,6,5,False,none
7.2,280,145,39,1474.0,0,3,3,ECE,7,91,True,high
8.23,87,110,27,1098.0,1,2,4,IT,5,7,True,high
6.17,335,100,26,1840.0,5,2,5,CSE,7,61,True,high
8.0,187,111,1,1369.0,5,3,1,CSE,7,13,True,high
7.78,12,61,32,914.0,3,2,5,CSE,7,2,True,high
8.44,223,111,15,1223.0,1,0,0,CSE,6,1,False,none
7.93,83,154,38,1162.0,1,2,1,CSE,8,21,True,high
6.73,60,162,21,1230.0,7,1,1,EEE,8,96,True,high
9.12,76,115,42,1289.0,7,1,4,CSE,8,84,True,high
7.63,341,172,46,1336.0,5,1,4,IT,7,69,True,high
7.77,102,34,12,1326.0,4,3,4,CSE,6,70,True,high
6.77,185,27,1,1376.0,6,3,4,EEE,5,5,True,high
7.31,154,102,13,1547.0,7,3,3,IT,8,49,True,high
6.83,16,124,37,1213.0,2,3,2,CSE,8,43,True,high
7.61,278,101,40,1695.0,3,3,4,ECE,5,7,True,high
9.68,331,136,27,1094.0,1,0,0,EEE,6,23,True,high
6.29,13,142,6,1554.0,3,3,1,EEE,8,26,True,high
6.03,147,20,17,1811.0,5,2,5,ECE,5,52,True,high
9.42,240,51,40,1356.0,2,0,4,CSE,5,50,True,high
7.57,97,162,35,1448.0,0,3,0,EEE,8,27,True,high
7.06,26,96,40,1158.0,1,2,3,EEE,8,58,True,high
8.94,61,50,35,1272.0,2,0,0,CSE,8,68,True,mid
7.13,143,82,43,1792.0,6,1,5,IT,5,82,True,high
9.81,220,54,3,1587.0,3,0,5,ECE,6,72,True,high
8.55,334,76,29,1505.0,5,3,0,ECE,7,24,True,high
7.26,228,126,23,916.0,2,0,3,MECH,7,43,True,mid
10.0,214,171,19,1221.0,0,0,5,EEE,6,46,True,high
7.13,220,192,45,1835.0,7,1,3,CSE,8,12,True,high
8.62,286,92,30,1503.0,7,0,1,ECE,8,52,True,high
8.13,33,87,23,1534.0,2,0,4,MECH,6,52,True,high
9.23,13,79,6,1443.0,5,1,5,EEE,5,36,True,high
9.52,161,152,25,1247.0,3,3,0,IT,5,62,True,high
7.84,268,91,12,1483.0,1,2,2,CSE,6,65,True,high
6.97,333,46,7,1017.0,6,0,2,CSE,5,39,True,low
8.31,177,183,4,999.0,6,1,1,ECE,6,77,True,high
7.05,185,37,43,1216.0,1,0,2,EEE,6,60,True,low
10.0,319,138,12,1448.0,4,3,1,CSE,8,94,True,high
7.95,300,194,28,1008.0,3,3,4,MECH,6,5,True,high
7.4,65,14,19,1432.0,6,1,1,CSE,7,24,True,high
8.0,117,0,13,1151.0,4,2,3,CSE,7,45,True,high
6.32,305,134,31,1185.0,4,2,3,IT,7,30,True,high
6.73,333,0,49,1725.0,5,0,3,CSE,8,79,True,high
9.12,311,48,26,1409.0,5,1,5,IT,7,62,True,high
7.08,343,95,24,1174.0,5,2,3,CSE,8,90,True,high
6.65,150,156,3,1447.0,0,3,3,CSE,6,93,True,high
8.39,164,25,20,1033.0,3,2,3,MECH,7,67,True,high
9.1,271,86,17,1496.0,1,1,3,MECH,7,38,True,high
8.59,282,172,38,1677.0,3,3,5,ECE,8,79,True,high
8.9,241,92,14,1565.0,5,0,3,CSE,6,35,True,high
6.97,250,101,37,1939.0,0,3,3,EEE,5,6,True,high
6.24,346,70,47,915.0,3,2,4,CSE,7,84,True,high
9.45,267,139,23,1432.0,3,2,5,MECH,6,65,True,high
7.45,258,94,7,1064.0,4,2,3,CSE,7,54,True,high
7.52,86,159,27,1357.0,3,0,1,MECH,8,71,True,high
9.26,189,117,20,1400.0,4,2,4,ECE,8,41,True,high
8.41,75,147,15,1970.0,4,1,5,ECE,6,26,True,high
8.3,317,118,15,1385.0,2,0,2,MECH,5,1,True,mid
10.0,180,50,34,1380.0,5,3,0,CSE,7,69,True,high
7.09,31,80,16,1651.0,6,2,5,MECH,7,3,True,high
8.82,116,35,8,1387.0,0,1,4,CSE,7,20,False,none
7.86,332,66,34,1858.0,4,1,3,CSE,7,0,True,high
8.1,236,128,28,1567.0,3,0,4,ECE,7,37,True,high
9.48,225,113,38,1607.0,4,1,0,CIVIL,5,59,True,high
8.36,78,154,17,933.0,4,0,0,CSE,7,75,True,mid
8.39,93,110,11,1896.0,4,0,5,ECE,5,90,True,high
8.98,112,167,18,1236.0,1,0,3,EEE,5,13,True,mid
7.4,48,141,47,1398.0,6,3,3,CSE,7,78,True,high
6.88,22,99,21,1237.0,6,3,1,CSE,7,87,True,high
6.65,306,196,48,1144.0,1,1,0,ECE,7,81,True,mid
5.64,322,108,14,1099.0,1,3,3,CSE,6,16,True,mid
10.0,190,119,0,1426.0,1,0,0,ECE,5,72,True,high
6.59,277,78,1,908.0,6,0,1,MECH,6,46,True,mid
7.56,22,133,7,1339.0,2,3,2,MECH,7,81,True,high
7.5,129,160,21,1664.0,4,1,0,CSE,6,55,True,high
8.14,66,182,24,1558.0,2,0,1,EEE,7,52,True,high
8.7,49,18,1,1508.0,3,3,1,CSE,7,17,True,high
8.75,345,126,8,1176.0,6,2,1,ECE,6,68,True,high
7.16,137,28,8,1003.0,5,1,4,IT,8,47,True,mid
7.62,182,188,12,1660.0,6,1,5,CSE,8,8,True,high
8.11,44,197,5,1288.0,0,1,3,ECE,8,53,True,high
7.53,268,23,29,1379.0,2,2,0,MECH,7,34,True,mid
9.57,14,150,14,1351.0,1,0,5,EEE,6,45,True,high
8.34,227,9,14,1568.0,7,1,4,ECE,6,0,True,high
8.61,20,181,49,1861.0,1,3,0,CSE,7,40,True,high
8.53,336,104,6,1766.0,3,1,5,ECE,6,72,True,high
9.09,126,168,10,817.0,4,3,4,CSE,7,31,True,high
8.0,193,176,39,1323.0,0,1,3,EEE,7,83,True,high
6.37,125,144,37,1063.0,2,3,1,ECE,5,76,True,high
8.24,171,183,39,1635.0,4,3,5,MECH,7,39,True,high
7.08,76,172,1,1401.0,4,3,5,CSE,5,10,False,none
7.22,209,157,47,1552.0,5,2,0,ECE,5,61,True,high
8.45,40,171,38,1301.0,5,2,1,ECE,8,45,True,high
9.16,84,54,9,1140.0,2,2,3,CSE,6,47,True,high
7.82,246,146,43,1183.0,2,0,0,ECE,7,42,True,high
8.14,336,156,16,1017.0,2,3,2,CSE,6,50,True,high
9.67,75,1,6,1084.0,2,0,2,CSE,7,60,True,mid
8.06,79,163,39,1031.0,1,2,2,CSE,5,41,True,high
10.0,306,146,38,1141.0,6,3,3,CSE,7,25,True,high
8.42,29,134,3,1127.0,6,0,2,IT,8,10,True,high
5.86,235,153,34,1499.0,4,2,5,CSE,8,24,True,high
8.63,208,110,46,1489.0,6,0,0,CIVIL,5,39,True,high
8.22,48,37,35,1498.0,7,0,5,CSE,7,24,True,high
9.22,154,130,30,1694.0,4,2,2,ECE,8,83,True,high
8.54,54,101,24,1380.0,1,3,0,ECE,5,74,True,high
7.65,335,193,40,1205.0,7,1,5,IT,5,73,True,high
6.45,100,94,12,1953.0,6,1,3,MECH,8,51,True,high
7.57,247,91,17,1626.0,4,0,1,IT,7,2,False,none
6.86,79,70,20,1438.0,2,0,5,MECH,6,38,True,mid
7.16,175,170,47,1421.0,0,0,4,CSE,5,90,True,high
8.45,139,189,0,1472.0,6,3,2,IT,7,34,True,high
9.64,223,198,35,1349.0,7,0,4,IT,6,39,True,high
8.23,349,23,49,1432.0,5,0,1,CSE,7,94,True,high
6.48,98,166,7,1525.0,7,0,3,IT,6,84,True,high
8.29,344,67,47,1218.0,7,2,5,EEE,7,21,True,high
9.12,261,127,20,991.0,5,1,3,IT,7,61,True,high
7.13,81,92,42,881.0,4,1,1,IT,7,18,True,mid
7.65,174,43,20,1622.0,0,2,4,CIVIL,7,13,True,high
7.82,58,132,26,1004.0,5,3,5,CIVIL,5,49,True,high
6.94,61,54,18,1516.0,6,3,2,CSE,6,61,True,high
8.51,298,157,22,1111.0,0,3,0,CSE,5,86,True,high
7.67,287,28,49,1115.0,7,2,3,CSE,6,89,True,high
8.26,123,153,42,1220.0,1,1,1,CSE,8,42,True,high
6.82,248,153,34,1449.0,3,1,5,CSE,7,54,True,high
7.32,142,36,39,1078.0,4,0,4,EEE,5,39,True,high
8.59,283,114,41,1246.0,1,1,2,CSE,6,11,True,high
7.39,175,180,47,1394.0,1,3,4,EEE,5,64,True,high
9.7,302,157,4,1097.0,0,3,2,MECH,5,33,True,high
7.36,252,2,40,1757.0,4,0,5,EEE,6,82,True,high
8.05,329,121,7,969.0,1,0,0,ECE,6,22,True,mid
8.83,147,42,10,1345.0,2,1,0,CSE,6,70,True,high
6.24,88,6,15,1718.0,1,0,1,CSE,5,6,False,none
5.86,179,124,38,1069.0,2,0,1,ECE,7,64,True,low
6.12,132,48,46,1373.0,3,2,2,EEE,7,17,True,high
9.19,185,120,23,1433.0,2,1,2,ECE,8,7,True,high
7.19,309,72,20,1198.0,2,3,2,EEE,5,88,True,high
10.0,91,40,22,1381.0,0,2,2,CSE,8,41,True,high
7.18,96,105,48,1540.0,1,3,5,CSE,7,92,True,high
8.0,234,76,37,1283.0,3,0,5,MECH,6,86,True,high
9.5,25,181,46,1591.0,1,0,0,CSE,6,92,True,high
10.0,319,126,7,1498.0,6,3,1,EEE,6,0,True,high
10.0,172,196,6,1254.0,6,2,1,MECH,6,78,True,high
9.13,107,90,1,1682.0,2,2,3,CSE,5,14,True,high
8.93,165,154,29,1215.0,5,2,1,ECE,8,27,True,high
8.45,11,7,12,1614.0,2,0,1,EEE,5,35,False,none
8.66,178,31,22,1219.0,1,1,4,EEE,6,95,True,high
7.19,324,63,28,1321.0,7,0,4,CSE,6,45,True,high
6.9,334,137,37,1359.0,3,3,3,MECH,7,76,True,high
7.8,101,12,36,1485.0,5,2,2,CSE,8,20,True,high
7.61,190,190,19,800.0,3,1,3,ECE,8,48,True,high
7.3,240,92,32,1515.0,0,2,3,ECE,5,38,True,high
8.57,310,162,28,1374.0,2,0,0,CSE,6,37,True,high
8.85,157,60,49,1471.0,2,1,5,CSE,8,8,True,high
7.9,289,181,14,1526.0,6,1,1,CSE,6,19,True,high
9.43,198,7,22,1498.0,0,0,0,ECE,7,83,True,high
6.54,323,28,41,898.0,6,2,5,CSE,8,7,True,high
7.59,137,94,2,1135.0,1,2,1,CIVIL,7,13,False,none
7.01,16,40,36,1483.0,2,2,3,CSE,5,61,True,high
5.75,56,157,28,1450.0,1,0,1,CIVIL,8,83,True,mid
7.71,62,148,44,1203.0,3,3,2,CIVIL,8,34,True,high
7.67,196,10,7,1584.0,5,3,2,ECE,7,54,True,high
9.46,47,1,21,1336.0,5,2,3,ECE,6,44,True,high
8.49,235,177,28,1621.0,5,1,4,CSE,8,20,True,high
6.67,62,168,1,1703.0,6,3,2,IT,8,52,True,high
9.84,233,193,40,1470.0,4,2,3,EEE,8,53,True,high
9.14,163,130,48,1539.0,0,3,0,IT,6,85,True,high
8.44,57,79,49,1248.0,5,2,4,ECE,7,42,True,high
7.55,156,178,44,1623.0,2,3,2,CIVIL,7,5,True,high
6.74,73,195,0,1455.0,0,3,3,ECE,5,54,True,high
7.39,191,86,43,1326.0,3,1,3,CIVIL,7,43,True,high
9.0,134,152,19,1095.0,3,1,0,CSE,7,90,True,high
9.87,188,157,20,1279.0,6,3,0,EEE,8,67,True,high
9.5,48,105,36,1123.0,3,2,4,EEE,8,3,True,high
7.26,269,138,7,1590.0,3,1,5,EEE,5,62,True,high
6.57,12,16,26,1705.0,7,0,2,ECE,6,91,True,high
7.95,73,153,46,1629.0,4,1,3,EEE,6,90,True,high
5.85,38,22,34,2022.0,7,3,4,CSE,8,57,True,high
8.16,20,183,5,1285.0,1,3,4,ECE,5,53,True,high
7.64,106,179,44,1549.0,1,0,0,ECE,7,80,True,high
7.29,212,47,43,1105.0,7,1,3,CSE,7,37,True,high
6.05,30,19,18,1351.0,5,3,1,MECH,8,59,True,high
8.36,48,1,17,1031.0,4,0,5,CSE,6,51,True,mid
7.21,232,87,0,1542.0,6,0,5,CSE,7,28,True,high
6.51,111,30,24,1311.0,1,2,0,ECE,8,39,True,low
5.5,55,154,26,886.0,7,1,3,CIVIL,7,70,True,high
7.77,75,129,6,1229.0,6,1,4,ECE,5,7,True,high
9.75,100,77,43,1848.0,6,1,5,MECH,5,96,True,high
9.63,173,3,41,1503.0,3,3,4,ECE,8,95,True,high
7.3,120,140,28,1592.0,1,0,2,MECH,6,34,True,high
7.14,347,162,30,1431.0,0,2,1,CSE,7,81,True,high
8.32,132,127,43,1355.0,5,1,0,MECH,7,15,True,high
6.7,202,199,42,1404.0,1,2,5,ECE,8,17,True,high
8.13,108,193,35,1461.0,0,2,2,ECE,6,58,True,high
8.64,300,133,18,1126.0,2,0,2,CSE,7,88,True,mid
9.15,168,30,5,1591.0,0,1,1,IT,5,33,True,high
7.69,112,137,24,1680.0,0,2,0,EEE,6,3,True,high
7.58,290,20,30,1351.0,3,1,0,CIVIL,5,68,True,high
6.83,52,22,8,1269.0,3,1,4,CSE,8,77,True,high
6.89,93,130,19,1215.0,5,1,0,CSE,8,64,True,high
7.55,200,159,9,1840.0,3,2,2,CSE,6,60,True,high
8.2,60,147,36,1287.0,0,0,4,ECE,6,85,True,mid
8.8,219,28,26,1563.0,4,0,0,MECH,7,45,True,high
6.92,135,104,12,1353.0,3,2,1,CSE,7,20,True,high
9.44,78,51,40,1339.0,3,3,2,CSE,7,76,True,high
7.5,274,114,1,1209.0,7,1,3,CSE,8,99,True,high
7.78,267,173,49,1157.0,0,1,1,EEE,8,92,True,high
6.98,197,161,20,1585.0,2,0,1,CSE,6,37,True,mid
5.5,239,100,32,1152.0,2,2,0,IT,6,72,False,none
8.77,198,83,23,1516.0,7,2,4,CSE,7,96,True,high
8.61,19,60,43,1423.0,1,3,4,MECH,8,85,True,high
7.49,123,124,41,1588.0,5,3,2,ECE,6,80,True,high
7.87,85,199,33,1248.0,2,0,0,CSE,7,59,True,high
8.37,173,70,8,1670.0,3,3,4,MECH,5,86,True,high
6.08,94,69,1,1365.0,4,3,5,ECE,8,35,True,high
7.22,58,138,29,2048.0,1,2,3,EEE,7,5,True,high
8.67,335,107,21,996.0,5,2,5,EEE,6,38,True,high
6.42,186,190,45,2007.0,4,3,0,CSE,6,28,True,high
8.12,227,20,10,1368.0,4,0,0,MECH,5,26,True,mid
6.31,198,130,42,1456.0,3,3,4,EEE,8,68,True,high
8.31,239,81,16,1249.0,0,0,1,MECH,7,8,False,none
7.76,264,87,35,1008.0,0,3,0,ECE,7,23,True,high
6.02,245,110,12,1268.0,0,2,1,CSE,5,62,True,mid
9.08,35,9,6,1309.0,2,2,2,CSE,6,18,False,none
6.99,81,154,15,1446.0,0,0,2,IT,6,96,True,low
6.91,270,11,32,1680.0,5,3,4,IT,6,29,True,high
8.02,263,6,44,1448.0,7,3,2,ECE,6,57,True,high
9.06,280,144,0,1452.0,3,0,5,CSE,6,39,True,high
6.68,132,192,10,1496.0,7,3,5,EEE,6,67,True,high
7.87,153,191,5,961.0,2,1,5,MECH,7,31,True,high
8.27,266,113,19,984.0,5,2,4,MECH,8,64,True,high
8.56,153,25,34,1026.0,0,2,4,CSE,6,33,True,high
7.99,268,14,43,1307.0,5,0,5,CSE,7,84,True,high
7.4,56,32,36,932.0,7,3,1,CSE,5,30,True,high
6.89,22,61,40,1228.0,4,0,5,CSE,7,58,True,high
7.89,217,46,25,1058.0,3,1,1,MECH,8,77,True,high
6.62,320,94,11,1522.0,3,3,2,ECE,5,25,True,high
5.5,244,34,29,1509.0,7,1,1,MECH,6,21,True,mid
8.28,158,192,27,1325.0,5,0,0,CSE,5,33,True,high
8.79,331,199,26,925.0,1,2,3,EEE,7,96,True,high
5.5,164,75,41,1341.0,7,1,0,ECE,7,12,True,high
6.69,175,122,18,1482.0,3,3,0,CSE,5,95,True,high
8.48,99,82,4,1603.0,4,0,4,ECE,5,54,True,high
10.0,195,24,4,1838.0,7,0,3,ECE,8,7,True,high
7.82,327,56,40,1680.0,7,0,4,CIVIL,6,61,True,high
7.0,183,31,26,1441.0,3,2,1,CSE,6,21,True,mid
7.6,226,62,27,1329.0,7,0,5,MECH,8,55,True,high
9.31,273,11,25,1214.0,1,0,1,IT,6,83,True,high
7.09,106,62,26,1739.0,3,2,3,EEE,8,20,True,high
6.92,126,76,48,1442.0,6,0,2,EEE,8,97,True,high
7.27,208,91,41,1558.0,3,0,1,CSE,6,48,True,high
6.75,329,0,20,1252.0,1,1,0,ECE,7,93,True,low
7.93,30,178,0,1090.0,6,0,3,EEE,7,5,True,high
9.59,209,69,27,1300.0,6,2,3,EEE,8,34,True,high
8.16,257,135,47,1324.0,3,1,1,CSE,6,26,True,high
7.52,285,195,14,1448.0,7,0,1,IT,7,83,True,high
7.48,273,132,16,1216.0,5,2,4,ECE,8,39,True,high
6.08,67,85,25,1406.0,2,3,4,IT,8,13,True,high
8.77,311,38,19,1694.0,6,0,0,ECE,8,73,True,high
7.71,40,22,24,982.0,5,3,3,MECH,7,51,True,high
7.6,258,67,12,871.0,3,1,2,EEE,8,78,True,mid
10.0,102,179,32,1711.0,0,2,2,EEE,5,39,True,high
8.13,274,3,24,1034.0,0,1,3,CSE,7,42,False,none
6.97,280,125,7,1305.0,2,3,0,CSE,7,57,True,high
7.33,103,174,4,1552.0,6,3,4,ECE,6,2,True,high
9.06,163,20,5,1385.0,3,3,4,IT,5,14,True,high
7.92,294,183,22,1382.0,4,2,4,EEE,7,44,True,high
6.22,89,104,29,1418.0,6,3,2,CSE,5,94,True,high
8.81,301,65,13,2030.0,3,3,2,CSE,6,10,True,high
7.07,93,186,22,1845.0,0,2,0,EEE,6,38,True,high
9.86,46,6,10,1227.0,1,3,2,ECE,8,18,True,high
8.99,336,48,30,1663.0,2,0,1,IT,6,78,True,high
7.31,241,15,5,1526.0,1,3,2,ECE,8,19,True,high
9.21,102,144,10,1395.0,4,2,4,CSE,5,85,True,high
7.87,345,83,12,1173.0,3,3,0,ECE,7,70,True,high
8.74,111,86,11,1513.0,7,2,3,MECH,7,55,True,high
8.33,175,97,1,1323.0,4,3,3,ECE,7,77,True,high
6.87,168,74,34,1305.0,1,0,0,CSE,8,3,False,none
7.09,23,33,35,1208.0,3,2,1,CSE,7,8,False,none
8.93,234,160,16,1650.0,6,2,3,MECH,7,24,True,high
7.43,82,25,27,1208.0,5,2,4,CSE,6,46,True,high
7.36,258,65,27,1210.0,5,2,3,CSE,7,98,True,high
6.75,100,124,21,1594.0,6,3,3,CSE,6,48,True,high
8.27,225,62,37,1364.0,4,3,4,IT,5,26,True,high
10.0,99,86,6,1371.0,7,0,2,CSE,8,27,True,high
6.63,38,40,14,1658.0,5,0,1,MECH,8,87,True,high
7.83,314,185,31,1728.0,7,3,4,EEE,6,96,True,high
9.35,229,97,10,868.0,7,1,4,EEE,8,96,True,high
7.71,337,123,23,1368.0,5,2,5,MECH,7,61,True,high
8.3,224,78,2,1047.0,0,3,0,ECE,6,15,True,mid
6.63,230,9,29,1303.0,5,0,1,ECE,6,86,True,high
8.27,51,14,5,1398.0,0,2,2,CSE,8,45,True,high
7.59,144,41,1,1311.0,2,0,5,ECE,7,74,False,none
8.88,51,92,13,1144.0,0,1,4,IT,6,45,True,mid
9.11,173,184,40,1131.0,0,2,5,IT,7,39,True,high
10.0,292,16,17,1582.0,1,1,2,EEE,7,82,True,high
8.44,67,187,43,1784.0,7,1,5,IT,7,33,True,high
8.16,311,8,30,885.0,7,1,5,IT,7,86,True,high
8.01,331,113,12,1318.0,0,3,5,MECH,7,9,True,high
7.41,34,35,25,1583.0,0,0,4,ECE,7,0,True,low
8.17,82,35,43,1392.0,1,2,4,ECE,8,65,True,high
7.48,138,47,11,1122.0,0,3,0,IT,8,85,True,mid
7.99,96,50,17,1281.0,5,0,3,EEE,7,16,True,high
9.25,339,96,8,1476.0,6,3,1,MECH,8,46,True,high
6.69,162,118,48,1323.0,0,0,0,CSE,8,23,True,low
9.05,191,94,20,1388.0,2,2,2,CSE,6,49,True,high
9.25,134,69,47,1395.0,0,2,5,CSE,8,84,True,high
7.67,76,73,48,1269.0,0,2,4,CSE,5,28,True,high
5.5,15,79,39,1604.0,2,2,5,IT,6,77,True,high
7.13,134,67,42,1281.0,6,0,4,CSE,7,71,True,high
9.23,323,149,23,1149.0,1,3,1,ECE,7,93,True,high
7.77,335,76,33,1957.0,5,2,0,CSE,7,85,True,high
6.7,62,115,7,1381.0,6,2,0,CSE,7,86,True,high
7.24,75,5,43,800.0,0,2,2,CSE,5,12,False,none
8.72,323,153,32,1714.0,5,1,0,IT,8,63,True,high
8.4,91,74,22,1713.0,4,2,0,MECH,6,27,True,high
7.54,96,87,12,1514.0,7,2,3,EEE,8,93,True,high
7.4,11,2,48,1558.0,5,0,1,IT,6,4,True,mid
7.37,213,51,13,1940.0,1,1,5,IT,7,73,True,high
6.79,159,73,13,1159.0,1,0,0,ECE,6,8,False,none
9.58,302,124,15,1433.0,7,3,2,CSE,7,13,True,high
7.45,112,187,48,1892.0,6,1,5,CSE,5,9,True,high
9.14,33,190,37,1945.0,0,0,4,CSE,6,32,True,high
9.47,221,64,38,1308.0,7,0,0,CSE,5,74,True,high
8.9,74,51,25,1903.0,2,3,0,CSE,7,39,True,high
7.33,218,75,25,1601.0,1,3,5,CSE,8,5,True,high
8.24,260,141,0,1774.0,2,2,4,CIVIL,5,16,True,high
7.77,126,88,31,1592.0,6,2,3,MECH,7,35,True,high
6.81,125,71,14,1476.0,6,1,1,CSE,7,69,True,high
8.16,246,67,20,1952.0,4,1,3,MECH,6,60,True,high
6.5,114,155,17,1268.0,2,3,2,MECH,6,73,True,high
9.11,268,198,29,1876.0,6,1,5,CSE,6,48,True,high
7.29,55,137,12,1915.0,6,2,0,EEE,6,68,True,high
8.02,320,114,23,1741.0,6,3,3,CSE,5,82,True,high
8.11,340,56,29,1382.0,7,0,1,CSE,6,70,True,high
7.52,225,65,1,1461.0,3,3,2,ECE,6,23,True,high
8.45,310,89,18,1081.0,6,1,3,ECE,8,50,True,high
7.28,342,49,46,1287.0,6,2,0,CSE,8,41,True,high
8.76,33,13,43,1555.0,2,2,1,ECE,7,18,True,high
6.32,44,15,46,1043.0,1,0,0,IT,7,61,True,low
7.94,33,181,24,1326.0,2,0,0,EEE,6,74,True,mid
9.93,37,170,49,1886.0,2,3,2,EEE,6,66,True,high
6.7,25,41,13,1361.0,3,2,1,MECH,6,29,True,mid
7.05,68,109,5,1658.0,3,0,4,EEE,7,37,False,none
8.37,252,21,11,1542.0,7,0,0,CSE,8,5,True,high
8.0,216,67,19,1323.0,0,3,1,IT,6,98,True,high
8.19,280,18,22,1361.0,1,3,0,MECH,6,21,True,high
8.34,258,65,29,1442.0,6,2,3,CSE,7,10,True,high
8.5,276,166,29,887.0,7,1,3,ECE,8,71,True,high
9.02,202,72,37,1637.0,0,1,1,EEE,6,90,True,high
8.25,344,146,29,1370.0,6,2,2,CSE,6,28,True,high
7.53,227,143,40,1645.0,6,1,4,CSE,8,7,True,high
8.54,124,53,29,1497.0,3,2,3,CSE,5,86,True,high
9.89,77,152,35,1359.0,6,2,2,CIVIL,7,92,True,high
7.65,308,111,48,1449.0,6,0,4,CSE,8,79,True,high
6.73,334,17,33,1450.0,2,1,3,CSE,8,34,True,mid
9.02,84,150,15,1769.0,3,2,4,CSE,5,71,True,high
7.67,112,116,23,1416.0,4,1,5,MECH,6,71,True,high
5.5,306,84,13,1472.0,2,1,0,IT,6,44,False,none
8.73,187,138,25,1085.0,0,3,1,ECE,7,32,True,high
7.21,224,38,7,1388.0,2,1,3,CSE,7,4,True,mid
7.7,324,104,13,1764.0,7,2,3,ECE,8,61,True,high
8.17,48,67,30,1507.0,4,0,0,MECH,7,36,True,high
8.01,268,24,1,1130.0,3,1,3,EEE,7,16,True,mid
8.58,213,190,47,1157.0,1,2,3,EEE,6,21,True,high
7.32,16,157,3,1215.0,6,3,5,CSE,5,77,True,high
8.36,58,172,0,1650.0,5,1,3,CSE,6,31,True,high
7.51,35,122,19,1619.0,1,0,3,CSE,6,13,True,mid
8.61,170,120,13,800.0,1,1,3,IT,8,19,True,mid
8.48,185,60,39,1380.0,6,2,2,EEE,7,21,True,high
6.77,88,99,24,1437.0,3,1,3,EEE,6,29,True,high
8.99,11,50,24,1159.0,1,1,0,CIVIL,6,53,True,high
7.21,141,97,2,1302.0,4,3,5,CIVIL,6,32,True,high
8.69,285,136,4,1733.0,6,1,3,CSE,5,4,True,high
8.2,126,1,37,1502.0,3,0,4,CSE,8,17,True,high
9.82,173,4,25,1275.0,7,1,5,IT,8,62,True,high
7.55,297,189,39,1353.0,1,3,5,IT,5,45,True,high
7.42,37,196,37,1343.0,6,2,4,ECE,7,6,True,high
7.78,342,179,37,1470.0,5,1,0,CIVIL,6,28,True,high
7.47,10,85,3,1043.0,0,1,2,CSE,6,56,True,low
8.68,197,132,6,1233.0,3,3,0,CSE,7,46,True,high
6.02,65,186,29,1659.0,3,3,2,ECE,6,8,True,high
6.64,44,67,29,1382.0,2,3,1,MECH,5,58,True,high
6.63,121,8,18,1188.0,7,1,4,EEE,6,70,True,high
8.85,295,92,38,1198.0,6,0,5,EEE,5,70,True,high
9.68,319,149,34,1580.0,1,3,5,CSE,5,42,True,high
7.69,45,154,39,1271.0,0,2,5,CSE,6,58,True,high
7.61,226,137,32,1528.0,6,1,4,IT,6,5,True,high
7.88,89,124,32,1243.0,5,2,4,CSE,7,52,True,high
9.08,323,60,13,1118.0,4,2,2,EEE,6,63,True,high
6.78,92,50,37,1461.0,3,0,5,MECH,5,90,True,high
8.06,74,9,9,1376.0,4,2,0,EEE,6,3,True,high
8.87,334,133,27,1571.0,4,3,2,IT,8,0,True,high
8.35,137,61,13,1621.0,4,3,5,ECE,6,69,True,high
8.01,316,112,35,1311.0,7,1,4,EEE,8,30,True,high
8.9,31,132,37,1487.0,2,0,4,CSE,6,64,True,high
5.5,225,121,15,1303.0,6,0,4,CSE,8,68,True,high
8.55,116,197,20,1558.0,4,2,5,ECE,6,18,True,high
7.08,118,190,27,1458.0,1,0,4,CSE,5,68,True,high
5.79,190,122,32,1244.0,1,2,1,IT,7,68,True,high
8.36,173,183,5,1223.0,0,2,4,EEE,7,48,True,high
9.31,77,186,40,1467.0,0,0,5,CSE,7,30,True,high
7.65,301,62,14,1691.0,5,1,2,CSE,6,59,True,high
8.85,189,110,43,1625.0,4,2,4,CSE,5,70,True,high
9.57,190,88,2,1164.0,4,3,3,EEE,7,78,True,high
9.25,178,186,42,1191.0,2,3,1,MECH,8,54,True,high
9.6,31,50,46,1227.0,6,0,5,ECE,8,76,True,high
8.62,75,177,34,1251.0,4,0,4,CSE,7,75,True,high
7.88,30,131,13,946.0,4,2,3,CSE,5,82,True,high
6.04,109,103,1,1598.0,7,2,5,CSE,5,76,True,high
7.53,309,122,28,1286.0,6,3,2,EEE,8,90,True,high
6.87,112,47,3,1516.0,4,2,1,CSE,8,37,True,high
10.0,56,31,25,1321.0,3,3,4,CSE,8,32,True,high
7.61,48,119,11,1394.0,3,2,2,CSE,7,5,True,mid
7.94,294,178,1,1229.0,7,1,5,ECE,8,12,True,high
8.41,319,179,16,1393.0,7,1,3,ECE,8,76,True,high
7.85,99,98,34,1182.0,2,3,5,MECH,7,76,True,high
9.66,94,73,9,1395.0,7,1,5,EEE,7,19,True,high
7.12,282,33,47,1764.0,2,1,1,EEE,5,99,True,high
8.01,345,163,21,1530.0,7,0,4,CSE,7,36,True,high
6.98,197,69,40,1473.0,7,2,2,CSE,8,44,True,high
6.35,168,170,42,1070.0,1,0,1,ECE,5,72,False,none
7.13,252,109,20,1542.0,2,3,3,CSE,7,80,True,high
7.76,82,15,14,1566.0,5,0,4,CSE,6,98,True,high
7.33,58,58,34,1467.0,1,3,1,CSE,8,58,True,high
7.04,110,180,47,1454.0,7,1,3,CSE,7,51,True,high
6.25,11,18,20,1365.0,6,0,3,CSE,8,17,True,mid
7.71,253,94,20,1562.0,4,1,2,MECH,7,24,True,high
6.14,185,112,20,1749.0,7,2,5,CSE,6,78,True,high
8.64,247,40,43,1483.0,2,1,3,CSE,5,86,True,high
7.89,68,80,31,1157.0,5,2,3,CSE,7,0,True,high
6.2,108,174,4,1176.0,2,1,5,EEE,6,40,True,mid
7.46,11,102,38,1582.0,7,0,0,EEE,7,17,True,high
6.97,252,53,8,1159.0,2,0,3,CSE,5,0,False,none
8.15,306,182,17,1450.0,1,1,4,MECH,8,38,True,high
9.27,220,94,20,1314.0,6,3,1,CSE,6,73,True,high
5.74,132,146,7,1132.0,6,3,5,EEE,8,30,True,high
7.93,238,61,43,1608.0,1,2,5,EEE,7,70,True,high
7.62,91,98,33,1577.0,7,2,5,MECH,5,37,True,high
8.54,153,92,9,1061.0,0,1,4,EEE,7,7,True,mid
8.03,149,186,40,1520.0,1,0,5,CSE,8,33,True,high
6.97,38,64,23,1484.0,1,2,4,ECE,7,72,True,high
7.45,279,67,39,1609.0,3,1,2,CSE,6,88,True,high
6.92,256,27,23,1442.0,7,2,0,IT,8,26,True,high
8.98,21,17,31,1757.0,2,0,5,CSE,6,40,True,high
7.82,346,25,32,1368.0,1,2,0,ECE,6,6,True,high
9.89,115,103,37,1332.0,2,1,5,CSE,7,31,True,high
7.73,41,146,43,1156.0,2,2,4,CSE,6,72,True,high
7.02,83,54,48,1167.0,3,3,1,EEE,7,80,True,high
6.13,180,118,33,1144.0,7,2,0,ECE,7,98,True,high
5.82,346,123,10,1455.0,2,0,0,CSE,7,15,False,none
6.06,78,184,30,1333.0,5,0,4,CSE,5,1,False,none
8.09,310,133,17,1483.0,1,0,0,EEE,7,42,True,high
8.36,146,128,22,1098.0,2,0,2,CSE,7,30,True,mid
6.06,109,7,21,1186.0,0,1,4,ECE,7,79,True,low
8.78,155,50,42,1182.0,0,2,0,EEE,8,46,True,high
7.27,18,84,17,1942.0,3,2,0,ECE,5,32,True,high
7.96,71,24,39,1359.0,5,2,0,CSE,7,84,True,high
9.57,194,174,46,1383.0,6,2,4,MECH,7,16,True,high
8.79,38,182,40,1381.0,6,1,1,CSE,7,98,True,high
7.5,123,191,46,1788.0,1,0,3,CSE,7,53,True,high
6.82,152,82,38,997.0,7,2,5,ECE,6,53,True,high
5.5,129,92,19,1385.0,3,2,0,CSE,6,50,True,mid
7.01,179,116,12,994.0,0,0,3,CSE,7,51,False,none
7.57,166,137,44,805.0,5,3,3,MECH,6,6,True,high
6.71,344,55,0,1216.0,1,3,0,IT,6,53,True,mid
7.66,269,11,3,1503.0,2,0,0,ECE,7,92,True,mid
7.88,91,160,23,1201.0,1,2,5,CSE,8,10,True,high
7.55,251,119,35,1499.0,4,0,3,CSE,5,61,True,high
7.08,181,70,35,1427.0,1,2,1,EEE,8,29,False,none
7.99,240,16,44,1365.0,2,2,3,ECE,5,81,True,high
8.29,217,188,1,1716.0,4,3,1,CSE,7,56,True,high
6.6,84,121,27,1251.0,6,3,2,MECH,7,45,True,high
9.35,279,123,25,1495.0,5,2,1,CSE,5,79,True,high
7.69,123,9,22,949.0,3,2,5,CSE,8,69,True,high
7.82,71,30,14,1425.0,5,2,4,CSE,6,65,True,high
8.58,329,59,35,1336.0,1,3,0,EEE,5,54,True,high
8.06,111,69,26,1104.0,6,2,2,CSE,7,57,True,high
8.85,219,16,5,1500.0,3,0,3,CSE,7,9,True,high
8.12,264,49,34,1215.0,1,1,1,CSE,8,3,True,mid
7.13,29,36,38,1833.0,0,1,2,CIVIL,6,73,True,high
8.2,67,189,37,800.0,0,2,4,ECE,6,72,True,high
6.54,121,117,34,1462.0,2,0,1,CSE,5,61,True,mid
7.92,322,199,35,1411.0,6,2,5,MECH,7,42,True,high
7.76,205,156,9,1330.0,7,0,3,CSE,7,41,True,high
7.57,101,159,29,1268.0,6,3,3,ECE,8,23,True,high
7.66,61,79,40,1417.0,7,3,1,ECE,7,4,True,high
5.73,302,10,37,1666.0,5,2,4,ECE,8,98,True,high
7.2,17,133,28,982.0,0,3,0,CSE,8,67,True,high
7.9,309,122,42,1199.0,4,2,0,MECH,6,98,True,high
7.98,107,34,38,1137.0,4,1,3,ECE,5,76,True,high
6.67,245,32,49,1126.0,6,0,4,IT,5,95,True,high
9.19,78,17,3,1486.0,6,0,3,EEE,6,44,True,high
6.85,54,164,4,1547.0,1,1,0,IT,7,58,True,mid
8.87,146,12,3,1666.0,6,1,3,ECE,5,64,True,high
8.27,243,89,35,1551.0,3,1,1,CSE,6,62,True,high
7.09,41,109,44,1572.0,4,1,5,EEE,6,74,True,high
9.75,298,191,15,1047.0,1,3,1,MECH,5,89,True,high
6.49,135,0,24,1771.0,7,0,5,CIVIL,6,66,True,high
8.81,76,62,13,1348.0,3,0,4,CSE,5,48,True,mid
8.9,39,33,10,1658.0,6,1,0,ECE,6,76,True,high
7.06,123,102,28,1056.0,6,2,4,CIVIL,5,31,True,high
9.33,213,9,33,1340.0,0,2,4,CIVIL,8,49,True,high
7.52,38,127,21,1636.0,1,2,0,CSE,5,86,True,high
8.12,140,6,13,1407.0,3,2,2,EEE,8,57,True,high
8.09,194,55,23,1212.0,2,3,2,EEE,7,51,True,high
7.65,262,79,38,1727.0,6,0,3,CSE,6,22,True,high
8.69,295,164,25,1107.0,5,0,2,IT,7,29,True,high
8.67,71,156,42,1395.0,5,0,1,ECE,6,69,True,high
5.88,12,11,35,1560.0,6,2,5,EEE,5,70,True,high
9.23,77,144,38,1924.0,2,1,4,CIVIL,7,29,True,high
5.97,34,47,15,1285.0,4,2,3,CSE,8,36,True,mid
8.94,188,25,37,1331.0,5,0,4,CIVIL,8,47,True,high
9.04,150,111,31,1289.0,3,2,0,EEE,7,31,True,high
6.6,240,121,5,1460.0,6,1,2,MECH,6,69,True,high
7.35,309,11,33,1547.0,6,1,0,ECE,6,34,True,high
6.58,172,148,7,1673.0,6,2,3,CSE,7,95,True,high
7.56,320,41,29,1589.0,2,0,5,EEE,8,75,True,mid
7.46,139,60,26,1276.0,4,3,1,CSE,6,67,True,high
8.66,255,57,6,1603.0,1,0,2,ECE,8,31,True,high
9.24,306,181,26,1423.0,6,3,0,ECE,6,58,True,high
9.34,181,33,24,1586.0,1,0,5,ECE,7,34,True,high
7.18,73,6,45,1601.0,3,2,2,EEE,8,15,True,high
7.57,40,108,40,1808.0,3,3,4,EEE,8,78,True,high
5.95,56,34,14,1311.0,7,0,1,MECH,7,51,True,mid
6.91,139,14,24,1264.0,3,2,5,EEE,6,65,True,high
8.86,342,192,21,1512.0,5,0,2,MECH,6,5,True,high
9.58,119,24,17,1696.0,3,1,1,CSE,5,13,True,high
6.44,78,58,11,1415.0,7,1,5,MECH,7,28,True,high
7.15,67,78,22,1712.0,6,0,4,CSE,7,25,True,high
7.77,115,85,44,1573.0,2,2,4,ECE,7,17,True,high
8.11,309,133,38,1350.0,2,0,0,ECE,6,3,True,high
6.91,339,179,24,1541.0,4,2,3,ECE,6,56,True,high
8.27,265,87,9,1291.0,2,3,0,CSE,7,52,True,high
7.28,321,148,29,1460.0,7,1,1,CSE,8,24,True,high
7.78,180,70,9,1132.0,5,3,0,CSE,5,46,True,high
8.4,171,120,33,1383.0,7,2,5,ECE,8,51,True,high
7.81,295,92,45,1650.0,1,0,2,CSE,6,92,True,high
7.32,80,95,12,1592.0,7,1,5,CSE,7,33,True,high
7.68,264,31,28,1555.0,4,2,0,CSE,8,15,True,high
7.7,64,52,37,1472.0,2,2,3,CSE,6,93,True,high
7.39,332,58,40,1440.0,3,1,5,CIVIL,5,86,True,high
7.52,12,68,44,1083.0,2,0,5,EEE,6,35,True,mid
9.56,35,189,8,1348.0,0,1,5,IT,6,27,True,high
8.42,322,131,12,1446.0,4,0,3,EEE,7,64,True,high
7.47,135,85,36,1119.0,6,0,5,MECH,5,71,True,high
8.57,62,17,13,962.0,6,2,1,ECE,5,52,True,high
7.43,207,80,36,1682.0,5,0,4,ECE,7,41,True,high
9.09,308,113,8,1413.0,2,0,3,ECE,7,78,True,high
8.21,197,183,7,1452.0,2,1,1,CSE,6,97,True,high
7.68,195,23,38,1539.0,5,1,3,EEE,7,18,True,high
8.29,314,65,39,1154.0,7,0,3,CIVIL,7,43,True,high
6.07,307,140,2,1299.0,1,2,4,MECH,5,29,True,high
6.56,213,61,46,1776.0,3,1,2,ECE,7,73,True,high
6.49,20,53,39,1278.0,7,3,1,IT,8,43,True,high
7.96,155,142,32,1334.0,3,2,3,IT,6,26,True,high
9.71,94,196,31,1233.0,1,1,3,ECE,7,83,True,high
10.0,109,130,6,1215.0,1,1,0,CIVIL,8,88,True,high
8.5,113,36,18,1676.0,0,3,5,CSE,8,72,True,high
8.35,55,36,33,800.0,7,0,2,CSE,7,33,True,high
5.82,53,130,13,1286.0,5,1,4,CSE,7,84,True,high
7.2,287,190,49,1456.0,4,3,1,MECH,7,23,True,high
6.93,190,34,46,1824.0,3,3,3,CSE,7,55,True,high
7.12,196,179,45,1116.0,1,1,5,CSE,6,6,True,high
7.62,123,123,18,1074.0,1,2,1,CSE,5,67,True,mid
7.28,264,155,25,1185.0,5,1,4,CSE,6,50,True,high
5.62,39,17,16,1575.0,6,3,2,ECE,6,7,True,high
8.62,273,121,27,1431.0,4,1,0,CSE,6,55,True,high
6.62,107,163,18,1039.0,1,2,2,ECE,6,76,True,high
8.06,322,160,26,1425.0,6,0,0,CSE,8,57,True,high
10.0,338,191,47,1788.0,0,0,1,CSE,8,84,True,high
6.79,124,153,18,1466.0,4,1,2,MECH,7,98,True,high
5.5,285,47,32,1441.0,6,1,2,IT,8,68,True,high
7.49,290,167,6,1456.0,0,3,2,ECE,8,7,True,high
9.01,284,16,28,1504.0,2,2,4,CSE,8,65,True,high
9.95,270,167,42,1083.0,3,3,1,IT,5,23,True,high
6.45,340,134,4,1342.0,1,3,0,ECE,6,41,True,mid
8.35,216,56,29,1355.0,6,0,2,EEE,7,53,True,high
7.29,337,7,48,1279.0,4,3,1,ECE,5,15,True,high
7.68,220,127,42,1572.0,0,3,5,CSE,8,3,True,high
10.0,224,116,7,1242.0,3,0,4,EEE,5,58,True,high
6.15,49,55,41,1310.0,7,0,4,EEE,6,93,True,high
8.08,35,125,11,1085.0,3,2,5,ECE,5,45,True,high
8.31,36,158,41,1495.0,7,2,1,CSE,7,93,True,high
8.99,199,58,12,1635.0,7,2,0,MECH,7,98,True,high
7.91,92,57,25,1310.0,1,1,1,CSE,7,12,True,high
8.14,179,139,17,1602.0,6,0,1,EEE,6,36,True,high
7.37,176,175,41,1363.0,7,1,3,CSE,7,53,True,high
8.1,197,158,48,800.0,3,1,4,ECE,7,48,True,high
7.42,178,107,19,1387.0,1,2,0,CSE,7,74,True,high
8.48,298,190,15,1356.0,6,0,3,EEE,6,57,True,high
7.39,238,73,36,1426.0,7,1,5,CSE,5,18,True,high
8.21,106,166,2,1463.0,6,3,1,ECE,5,17,True,high
7.77,25,147,26,1229.0,2,3,5,CSE,7,59,True,high
9.04,288,100,14,1768.0,1,0,4,IT,6,16,True,high
7.74,144,47,33,1383.0,5,1,3,IT,5,10,True,high
5.85,35,70,44,1350.0,7,2,3,MECH,5,14,True,high
9.19,21,115,21,1586.0,0,1,0,IT,7,71,True,high
6.8,81,181,39,1405.0,5,3,1,CSE,7,92,True,high
7.08,142,121,22,2041.0,6,3,0,IT,7,16,True,high
7.14,115,77,48,1348.0,6,2,3,CSE,7,89,True,high
9.31,229,198,3,1488.0,3,0,3,ECE,5,4,True,high
5.5,186,28,40,1213.0,3,1,0,CSE,6,60,True,low
10.0,291,92,22,1618.0,3,3,3,IT,6,3,True,high
8.96,142,72,46,1477.0,6,1,2,EEE,6,55,True,high
8.05,31,99,8,1315.0,1,2,4,ECE,8,87,True,high
7.74,278,175,23,1182.0,4,2,1,IT,7,74,True,high
8.11,170,73,20,1073.0,1,0,4,EEE,7,93,True,mid
8.37,116,183,40,1505.0,0,2,1,EEE,6,47,True,high
8.51,288,94,45,1053.0,1,0,3,CSE,6,47,True,mid
8.41,244,16,15,1727.0,3,1,0,CIVIL,6,34,True,high
7.9,27,136,24,1084.0,2,3,0,IT,7,32,True,high
7.58,251,96,25,1355.0,0,3,3,IT,6,99,True,high
7.63,126,161,48,1180.0,5,0,1,CSE,6,20,True,high
7.59,295,172,44,1408.0,2,3,3,CSE,7,4,True,high
9.05,291,8,8,1407.0,0,0,1,CSE,8,63,True,mid
8.45,153,134,14,1511.0,0,0,3,CSE,5,68,True,high
5.5,214,143,38,1018.0,6,1,3,CSE,5,20,True,mid
8.52,48,18,32,1209.0,3,1,3,EEE,5,88,True,high
8.01,163,133,0,1643.0,6,2,0,MECH,7,73,True,high
7.78,185,113,4,1565.0,7,0,1,IT,5,82,True,high
7.37,250,138,8,800.0,5,1,5,CSE,7,31,True,mid
9.04,143,124,43,1494.0,1,0,3,CSE,7,17,True,high
8.84,55,60,5,1142.0,6,0,4,CSE,6,57,True,high
6.95,59,41,27,1252.0,7,0,4,CSE,5,97,True,high
8.25,175,12,44,1343.0,5,1,0,ECE,6,78,True,high
6.73,115,139,25,1789.0,3,0,2,CSE,5,23,True,high
6.28,225,84,27,1139.0,3,0,5,IT,5,4,True,mid
7.11,155,19,39,1049.0,7,2,0,ECE,7,52,True,high
8.75,81,49,14,1513.0,6,0,2,ECE,7,95,True,high
8.85,339,163,5,1393.0,3,2,0,EEE,5,72,True,high
8.36,282,91,26,1702.0,2,0,4,EEE,7,54,True,high
8.6,256,87,37,1312.0,5,2,3,ECE,6,4,True,high
8.37,195,68,3,1703.0,5,1,1,CIVIL,7,68,True,high
7.09,79,36,10,1404.0,0,1,3,EEE,8,40,True,mid
8.28,159,139,20,1532.0,4,3,4,CIVIL,8,97,True,high
8.68,255,98,29,1806.0,1,0,1,CSE,6,6,True,high
8.63,271,124,17,1358.0,7,3,2,CSE,7,89,True,high
9.11,35,167,34,1661.0,3,3,2,MECH,7,0,True,high
8.58,149,53,2,1247.0,5,2,4,CSE,5,51,True,high
8.19,108,129,11,1457.0,5,1,1,EEE,7,97,True,high
8.98,287,177,26,1039.0,0,0,3,EEE,8,25,True,high
7.77,60,40,29,1274.0,7,0,4,CSE,6,95,True,high
6.83,160,44,20,1135.0,1,2,2,ECE,6,62,False,none
7.62,113,102,37,1705.0,4,3,4,CIVIL,7,11,True,high
6.98,98,105,20,1835.0,4,2,3,CIVIL,5,69,True,high
7.06,150,136,37,1311.0,3,3,0,EEE,6,83,True,high
7.64,222,189,39,1207.0,4,0,5,MECH,6,18,True,high
6.93,242,127,14,1072.0,4,2,5,CIVIL,5,79,True,high
7.46,192,85,17,1466.0,6,3,5,EEE,5,3,True,high
5.72,260,46,28,1249.0,1,2,0,CSE,6,95,False,none
8.03,18,4,47,1263.0,7,1,3,CSE,5,81,True,high
7.8,88,0,37,1807.0,1,2,1,ECE,7,4,True,high
6.9,61,43,20,1326.0,6,0,4,CSE,6,53,True,high
8.53,278,149,16,1547.0,3,2,3,CSE,5,69,True,high
8.83,235,37,40,1413.0,5,0,0,IT,6,56,True,high
6.03,60,18,17,1061.0,0,0,2,EEE,5,77,False,none
6.96,195,158,36,939.0,3,2,5,CIVIL,6,51,True,high
6.95,43,114,37,1522.0,2,2,5,EEE,6,17,True,high
6.77,300,194,11,1826.0,4,2,3,ECE,7,63,True,high
8.71,239,86,10,1479.0,6,1,5,CSE,6,9,True,high
7.59,140,169,47,1556.0,0,1,5,IT,6,22,True,high
7.51,129,122,48,1174.0,5,3,3,CSE,7,81,True,high
5.6,335,81,19,1654.0,5,2,3,EEE,6,67,True,high
8.5,256,153,8,1651.0,1,3,0,CSE,7,51,True,high
6.44,201,140,0,1226.0,2,3,0,CSE,8,95,True,high
7.87,332,57,2,1536.0,7,0,5,CSE,6,46,True,high
8.11,219,145,20,958.0,5,3,3,ECE,8,69,True,high
9.3,112,66,22,1581.0,2,2,3,CIVIL,8,25,True,high
6.36,338,121,8,1257.0,4,1,5,EEE,6,69,True,high
5.5,142,86,18,1093.0,1,3,1,EEE,8,98,True,mid
8.0,332,130,44,1501.0,0,3,2,IT,7,42,True,high
9.78,148,54,45,957.0,1,1,4,EEE,8,68,True,high
9.16,130,88,18,1486.0,4,3,4,CIVIL,7,62,True,high
8.03,103,57,22,1117.0,6,2,5,ECE,7,77,True,high
7.26,138,62,26,1063.0,5,3,4,CIVIL,5,65,True,high
8.69,100,90,26,1415.0,2,0,0,EEE,6,62,False,none
6.73,101,51,38,1357.0,6,3,0,CSE,6,12,True,high
8.32,72,125,35,1764.0,4,0,1,CSE,6,50,True,high
8.36,38,23,11,1079.0,5,1,5,CSE,8,4,True,high
8.97,219,71,26,1744.0,3,1,0,CSE,5,46,True,high
10.0,21,8,45,1116.0,7,3,5,MECH,7,35,True,high
8.23,342,109,33,1630.0,2,3,5,EEE,5,35,True,high
7.24,306,164,32,1677.0,4,1,3,IT,5,49,True,high
7.77,139,93,27,1480.0,0,0,2,ECE,7,55,False,none
5.85,302,116,30,1202.0,0,1,2,EEE,5,18,False,none
7.04,182,82,31,1019.0,5,1,5,CSE,8,19,True,high
7.35,217,180,49,912.0,5,0,2,EEE,6,21,True,high
7.22,33,79,19,1863.0,0,1,2,EEE,5,30,True,high
7.97,108,151,39,1326.0,7,3,4,MECH,5,61,True,high
6.9,148,148,34,1124.0,3,3,4,ECE,6,43,True,high
9.03,323,99,30,1114.0,1,1,3,EEE,5,67,True,high
7.8,183,39,30,1442.0,0,3,1,CSE,6,66,True,high
7.79,38,102,37,1301.0,7,2,0,EEE,7,88,True,high
7.44,152,61,21,920.0,7,1,0,MECH,5,48,True,high
7.97,325,197,44,1616.0,5,2,4,ECE,6,58,True,high
8.71,51,68,40,1484.0,5,1,5,CSE,8,3,True,high
6.85,308,141,8,1860.0,3,1,2,CSE,6,38,True,high
7.08,217,108,8,1685.0,0,2,3,ECE,6,6,True,high
7.47,339,169,14,800.0,3,1,1,EEE,7,70,True,mid
6.32,201,177,12,1754.0,7,3,4,CSE,7,48,True,high
6.9,169,188,21,1702.0,0,2,5,MECH,7,88,True,high
7.28,73,3,15,1216.0,1,1,3,CSE,8,14,False,none
8.76,252,71,31,1292.0,4,3,5,CSE,6,6,True,high
8.09,267,16,1,1503.0,0,2,3,MECH,5,46,True,high
8.01,161,113,25,1146.0,4,2,4,EEE,6,67,True,high
8.74,224,84,13,1339.0,0,3,3,MECH,8,97,True,high
7.65,331,56,37,1650.0,1,1,2,CSE,5,44,True,high
8.23,175,106,33,1529.0,7,1,3,CSE,7,18,True,high
7.69,40,47,7,1233.0,6,2,1,CSE,7,46,True,high
8.09,241,171,35,1656.0,5,0,3,CSE,6,52,True,high
7.16,291,172,20,1476.0,4,1,0,MECH,6,26,True,high
5.5,38,116,45,1467.0,7,1,3,CSE,6,4,True,high
7.65,204,160,42,1271.0,3,3,5,IT,5,59,True,high
9.37,343,30,27,1398.0,0,0,4,MECH,6,76,True,high
8.82,265,111,45,1206.0,5,0,0,EEE,5,61,True,high
8.86,290,46,43,915.0,0,2,4,IT,7,58,True,high
9.16,313,133,47,1330.0,3,3,5,CSE,8,60,True,high
7.9,330,107,5,1369.0,7,3,1,CSE,7,55,True,high
8.02,332,71,19,1434.0,1,1,2,EEE,7,77,True,high
7.12,303,70,30,1703.0,2,2,1,CSE,6,93,True,high
7.45,96,161,32,1237.0,0,1,0,IT,5,46,True,mid
8.48,158,107,43,1308.0,6,0,5,IT,5,47,True,high
9.12,258,52,6,1592.0,3,3,5,IT,6,9,True,high
7.65,330,141,7,1212.0,2,2,2,IT,7,31,True,high
7.3,292,15,8,1438.0,0,1,3,EEE,8,64,True,high
7.8,207,170,1,1298.0,4,1,0,EEE,6,23,True,high
8.46,53,115,16,1339.0,7,0,2,CSE,6,28,True,high
6.21,37,72,44,1590.0,5,3,4,MECH,6,6,True,high
5.5,26,73,36,1307.0,5,0,2,CSE,6,94,True,mid
7.19,136,80,41,1598.0,3,1,4,MECH,7,16,True,high
6.46,177,11,43,912.0,4,3,4,IT,7,93,True,high
7.24,253,127,16,1043.0,1,3,5,CSE,7,24,True,high
7.64,85,69,37,820.0,2,0,2,CSE,7,91,False,none
7.3,240,146,34,1109.0,3,3,5,ECE,6,35,True,high
9.4,213,40,46,1864.0,6,0,5,MECH,8,60,True,high
8.16,257,180,38,1396.0,0,3,1,MECH,7,70,True,high
8.13,311,156,29,1220.0,5,3,1,EEE,6,34,True,high
8.48,223,197,5,1596.0,0,2,5,MECH,6,83,True,high
6.55,224,58,3,1631.0,2,3,5,CSE,8,77,True,high
8.94,167,88,36,1095.0,4,1,4,EEE,6,49,True,high
7.72,78,191,34,2025.0,4,2,5,EEE,7,55,True,high
8.54,94,23,8,1469.0,3,0,0,CSE,6,93,False,none
6.62,276,143,5,1501.0,3,1,2,ECE,8,64,True,high
6.09,78,179,12,1524.0,4,0,0,CIVIL,7,40,True,mid
8.7,108,79,21,1524.0,3,0,1,IT,7,24,True,high
8.21,225,133,27,1245.0,4,1,0,EEE,8,33,True,high
6.81,170,164,29,1928.0,2,0,3,IT,8,7,True,high
6.84,103,131,35,1329.0,3,2,3,CSE,8,55,True,high
9.04,183,91,1,1639.0,4,1,1,IT,5,83,True,high
6.49,174,165,35,1281.0,3,0,0,CSE,6,29,True,mid
9.61,124,168,7,1237.0,0,0,2,ECE,6,67,True,mid
6.81,229,91,44,1875.0,7,3,1,CSE,6,20,True,high
8.5,40,80,41,1373.0,5,3,3,MECH,8,90,True,high
7.44,20,141,49,1391.0,0,0,1,CSE,8,9,True,low
8.46,139,70,8,1471.0,1,1,0,CSE,6,86,True,high
7.2,114,178,0,2050.0,4,2,0,ECE,5,32,True,high
7.62,36,64,12,1942.0,1,0,0,CSE,5,74,False,none
7.85,236,51,49,1721.0,4,0,4,CSE,6,82,True,high
6.7,11,29,14,2113.0,7,0,0,EEE,5,74,True,high
8.61,110,184,31,1164.0,5,3,5,CSE,7,3,True,high
7.24,30,98,33,1564.0,3,1,3,CSE,7,22,True,high
7.55,67,157,42,1419.0,4,0,3,CSE,8,68,True,high
6.71,189,97,30,958.0,7,3,4,CSE,5,52,True,high
5.5,29,41,13,1516.0,0,0,3,ECE,6,4,False,none
7.59,264,138,46,1277.0,3,0,3,EEE,8,17,False,none
10.0,326,26,13,1783.0,5,1,1,ECE,6,16,True,high
8.66,47,151,47,1301.0,0,3,0,CSE,5,57,True,high
7.78,157,166,28,1287.0,3,2,5,EEE,5,66,True,high
7.51,34,71,46,1783.0,4,1,5,ECE,8,71,True,high
7.82,130,17,18,1384.0,4,2,1,CSE,7,55,False,none
8.4,35,76,26,1691.0,0,3,5,CSE,8,39,True,high
6.5,178,44,8,1506.0,2,3,1,CSE,5,86,True,high
9.03,332,114,36,1509.0,4,2,5,CSE,7,86,True,high
8.59,234,86,36,1339.0,7,3,3,CSE,7,1,True,high
8.59,10,139,42,1526.0,2,1,2,CSE,6,20,True,high
8.28,316,176,27,1367.0,3,0,0,ECE,8,51,True,high
7.82,270,158,23,1199.0,2,2,2,EEE,7,23,True,high
8.54,22,91,27,1374.0,0,0,3,IT,8,52,True,mid
8.45,57,21,35,1722.0,1,2,4,EEE,8,37,True,high
7.41,322,171,17,1534.0,1,0,1,EEE,6,19,True,high
7.17,300,91,24,1592.0,0,0,5,CSE,7,49,True,mid
7.91,341,191,34,1400.0,6,1,5,CSE,6,38,True,high
9.5,103,76,3,916.0,7,0,3,ECE,7,59,True,high
6.44,270,24,13,1095.0,1,2,5,ECE,7,90,True,high
6.19,287,107,38,1328.0,0,0,3,EEE,7,38,True,mid
7.98,214,178,25,1116.0,4,3,2,MECH,5,70,True,high
7.86,194,134,7,1269.0,2,0,4,CSE,7,32,True,high
7.99,184,108,23,1260.0,1,0,1,CSE,6,28,True,mid
8.07,318,133,15,1267.0,4,3,5,ECE,6,73,True,high
7.55,78,23,19,1759.0,1,3,4,ECE,8,9,True,high
9.44,113,18,14,1387.0,3,2,4,CSE,5,75,True,high
6.04,255,82,6,1634.0,0,3,4,ECE,6,66,True,high
6.89,170,114,16,1441.0,0,3,0,CSE,6,2,True,high
7.69,209,8,21,1754.0,7,2,4,EEE,6,76,True,high
5.99,225,111,21,1655.0,4,2,3,CSE,6,30,True,high
7.61,221,163,11,1252.0,6,0,0,ECE,7,26,True,mid
9.63,25,101,17,1890.0,3,1,0,MECH,7,69,True,high
7.82,341,167,45,1286.0,2,2,4,IT,6,26,True,high
8.05,214,151,46,1450.0,7,3,5,IT,6,98,True,high
6.41,48,47,14,1494.0,3,0,5,ECE,6,8,True,mid
7.12,98,190,36,1522.0,6,3,5,ECE,7,5,True,high
7.39,265,68,15,1599.0,3,2,5,ECE,6,5,True,high
7.45,263,180,4,1211.0,5,1,3,CSE,5,25,True,high
9.21,225,181,1,1578.0,2,0,5,CSE,5,42,True,high
8.41,312,169,27,1545.0,7,2,1,CSE,6,18,True,high
6.58,181,118,40,1400.0,2,2,4,EEE,7,15,True,high
8.07,146,44,26,1353.0,3,3,0,ECE,5,22,True,high
8.35,187,124,30,1198.0,7,1,1,CSE,6,74,True,high
9.05,86,13,40,1520.0,1,2,5,EEE,5,79,True,high
9.54,197,156,35,1235.0,5,3,1,EEE,8,28,True,high
6.68,24,133,46,1459.0,1,0,0,EEE,7,37,True,mid
6.91,301,134,42,1375.0,3,3,5,ECE,6,58,True,high
6.42,328,36,0,1066.0,1,0,1,CSE,6,47,True,low
7.54,334,52,49,1167.0,2,3,3,CSE,8,19,True,high
8.31,223,17,28,1501.0,7,1,3,MECH,5,20,True,high
8.89,217,37,0,1269.0,2,3,4,CSE,8,27,True,high
7.72,178,186,7,1260.0,1,1,4,ECE,6,49,True,mid
7.45,339,128,15,1209.0,7,1,1,ECE,5,32,True,high
7.97,289,195,27,1217.0,2,0,0,IT,7,39,True,mid
6.88,314,43,21,1811.0,0,3,3,ECE,7,89,True,high
10.0,155,46,17,1120.0,2,3,2,ECE,8,53,True,high
6.03,272,34,21,1768.0,3,3,4,CSE,8,9,True,high
8.0,13,59,40,1317.0,4,1,3,IT,6,33,True,high
10.0,99,89,11,1237.0,1,2,5,EEE,7,72,True,high
7.81,69,51,18,1496.0,5,3,1,CSE,8,35,True,high
7.59,320,7,24,1413.0,6,3,3,ECE,7,74,True,high
7.41,25,106,49,1351.0,1,2,3,CSE,6,73,True,high
7.6,236,168,4,1455.0,6,0,1,CSE,6,6,True,high
9.31,38,130,33,1409.0,6,3,4,ECE,6,15,True,high
5.5,160,196,38,1346.0,2,2,4,MECH,8,50,True,high
9.49,254,141,9,1634.0,2,3,2,ECE,6,89,True,high
6.23,279,95,46,1038.0,7,1,2,EEE,6,95,True,high
7.51,88,25,6,1171.0,7,2,4,EEE,8,60,True,high
7.33,298,110,36,1203.0,4,1,4,EEE,5,30,True,high
8.45,162,197,46,1136.0,4,2,4,CSE,7,31,True,high
6.04,286,122,14,1421.0,5,0,4,CSE,8,44,True,high
8.31,288,185,41,1526.0,3,1,3,CSE,6,75,True,high
10.0,66,167,23,909.0,0,3,2,CSE,6,26,True,high
6.3,195,50,25,1281.0,3,2,1,IT,6,21,False,none
8.01,102,122,25,1320.0,7,3,0,MECH,7,14,True,high
7.07,285,4,45,1329.0,5,0,1,CSE,7,7,True,mid
8.27,167,76,25,1079.0,1,2,5,ECE,5,67,True,high
7.82,284,159,9,1322.0,2,0,0,IT,5,7,True,mid
7.09,190,0,16,1172.0,3,2,3,CSE,7,86,True,mid
8.34,86,181,13,1316.0,6,1,5,ECE,6,15,True,high
9.78,160,10,1,970.0,2,3,2,CSE,7,47,True,high
7.59,247,180,47,1318.0,2,1,0,EEE,7,33,True,high
8.59,298,7,12,1220.0,3,1,4,IT,7,85,True,high
6.38,240,152,26,1334.0,3,1,5,CIVIL,8,86,False,none
6.75,27,167,8,1475.0,6,1,3,ECE,5,56,True,high
8.32,82,31,6,1389.0,7,2,0,EEE,5,4,True,high
9.43,198,27,47,1598.0,6,3,4,ECE,7,43,True,high
8.19,26,130,9,1310.0,4,2,5,CSE,5,70,True,high
7.46,28,127,8,1555.0,7,2,3,CSE,7,36,True,high
7.8,228,61,21,1681.0,5,2,5,IT,8,89,True,high
6.42,335,26,22,1468.0,5,1,0,CSE,8,27,True,high
8.46,129,44,6,1395.0,6,0,4,CSE,7,67,True,high
8.77,110,104,47,1504.0,0,1,2,ECE,8,95,True,high
7.3,43,91,8,1477.0,7,2,3,IT,5,37,True,high
7.28,93,24,26,1650.0,6,1,0,EEE,6,45,True,high
8.09,205,188,23,1598.0,4,3,4,EEE,6,72,True,high
7.32,339,43,28,1601.0,0,3,2,ECE,6,99,True,high
7.73,211,173,16,1411.0,3,1,5,EEE,5,25,True,high
10.0,20,141,19,1485.0,5,1,4,EEE,8,74,True,high
7.53,227,135,6,1481.0,5,0,2,IT,7,83,True,high
7.41,262,175,42,1098.0,0,1,0,ECE,7,52,True,high
7.09,231,141,39,1667.0,1,1,4,ECE,5,62,True,high
8.62,89,192,6,983.0,4,0,4,MECH,6,62,True,high
7.6,16,79,27,1578.0,4,1,1,MECH,8,37,True,high
7.09,281,81,18,1467.0,4,1,3,CSE,7,14,True,high
9.25,236,134,19,1329.0,5,1,4,CSE,7,98,True,high
9.36,25,87,43,1498.0,2,1,2,IT,8,8,True,high
7.14,21,176,38,1505.0,5,1,3,ECE,7,96,True,high
5.75,300,126,39,1073.0,2,2,0,ECE,7,74,True,mid
8.91,250,54,6,1754.0,5,1,3,CSE,6,21,True,high
7.05,30,140,5,1418.0,7,0,1,ECE,6,69,False,none
8.67,187,183,24,1979.0,3,1,0,EEE,7,55,True,high
5.63,237,55,40,1597.0,5,2,4,ECE,6,36,True,high
8.78,282,14,12,1412.0,7,0,5,CSE,7,56,True,high
6.47,297,184,38,1227.0,7,0,0,CSE,6,59,True,high
8.6,306,57,39,1372.0,3,1,0,IT,5,84,True,high
7.82,143,162,21,1437.0,7,3,1,CIVIL,6,11,True,high
6.75,292,87,48,1766.0,2,2,2,MECH,6,6,True,high
7.35,162,96,16,1707.0,4,3,0,EEE,8,65,True,high
8.55,75,143,47,1513.0,2,1,2,ECE,6,40,True,high
7.92,146,7,21,1842.0,0,2,3,CIVIL,7,23,True,mid
8.44,101,172,33,896.0,4,3,5,MECH,6,89,True,high
9.97,326,39,7,1516.0,5,2,1,MECH,6,24,True,high
6.08,268,181,48,1714.0,5,1,4,CSE,6,61,True,high
9.58,112,13,44,1537.0,5,2,0,ECE,8,83,True,high
7.91,64,186,17,1067.0,5,1,5,EEE,6,43,True,high
6.81,266,52,23,1747.0,5,3,5,CSE,8,1,True,high
6.34,110,126,41,1590.0,2,2,2,ECE,5,41,True,high
7.59,207,154,1,1486.0,6,0,0,EEE,5,98,True,high
8.81,310,174,1,1422.0,3,1,5,ECE,7,32,True,high
7.66,235,79,26,1898.0,6,2,1,MECH,7,16,True,high
9.46,246,114,13,1511.0,2,0,4,CSE,7,62,True,high
6.2,35,133,47,1340.0,1,0,3,EEE,6,21,True,low
7.79,130,54,38,1197.0,7,0,3,CSE,5,0,True,high
6.42,191,43,11,1589.0,6,0,2,IT,6,93,True,high
8.2,208,17,31,1647.0,2,1,5,CSE,8,69,True,high
8.78,311,15,27,1414.0,7,2,3,MECH,5,53,True,high
7.34,264,11,27,1261.0,4,0,2,ECE,8,13,True,high
5.5,131,147,45,1733.0,5,2,4,CSE,6,99,True,high
8.02,40,44,24,1178.0,2,2,0,ECE,7,96,False,none
8.28,324,191,3,1892.0,6,3,1,IT,5,52,True,high
8.24,294,186,25,1216.0,3,2,4,CSE,6,5,True,high
9.16,115,92,35,1080.0,6,1,4,CSE,5,89,True,high
6.62,233,21,49,1112.0,5,1,3,ECE,5,63,True,high
8.55,282,96,2,1123.0,6,0,3,CSE,8,87,True,high
9.11,241,46,0,1341.0,0,2,1,IT,7,32,True,mid
5.84,265,28,16,1283.0,1,1,0,CSE,7,71,False,none
8.15,33,44,6,1656.0,4,1,4,EEE,5,43,True,high
7.25,118,76,47,1621.0,3,1,5,CSE,8,33,True,high
7.71,200,8,4,1344.0,1,0,3,CSE,6,33,True,low
8.18,34,23,18,2176.0,2,1,4,CSE,8,23,True,high
7.26,196,14,38,1341.0,1,2,0,ECE,5,1,True,mid
7.06,297,163,45,1374.0,5,1,2,ECE,6,7,True,high
7.84,125,12,33,1081.0,5,1,0,CSE,8,24,False,none
6.6,347,90,34,1380.0,0,0,4,MECH,6,93,True,mid
6.61,46,171,48,1474.0,7,2,4,ECE,8,31,True,high
8.55,291,100,15,1104.0,1,1,1,CSE,6,55,True,high
6.54,146,70,39,1275.0,6,2,4,CSE,7,93,True,high
8.53,236,199,49,1482.0,1,2,3,CSE,8,6,True,high
8.31,329,121,46,1269.0,5,1,5,CSE,7,47,True,high
5.9,337,75,38,1216.0,7,0,1,ECE,7,87,True,high
7.05,191,163,26,1596.0,2,2,4,CIVIL,6,53,True,high
9.11,95,115,40,1079.0,2,3,0,IT,5,62,True,high
6.72,62,60,37,1128.0,4,1,4,MECH,6,72,True,high
7.29,244,167,49,1444.0,6,2,0,CSE,6,79,True,high
8.31,276,125,49,1612.0,6,2,0,CSE,8,1,True,high
8.66,296,154,24,1476.0,2,2,4,IT,6,34,True,high
7.52,109,0,25,1344.0,1,1,0,EEE,7,97,True,mid
7.14,96,161,13,1324.0,0,3,5,CSE,8,21,True,high
9.36,24,67,13,1653.0,2,2,2,CSE,6,82,True,high
9.71,110,87,13,1615.0,6,2,1,ECE,8,63,True,high
8.88,174,20,24,1412.0,6,0,4,EEE,8,58,True,high
7.89,38,160,35,1331.0,5,1,2,CIVIL,5,48,True,high
6.91,123,134,3,1409.0,5,1,0,CSE,5,51,True,high
6.89,116,192,46,1218.0,4,2,0,CSE,5,20,True,high
8.37,139,2,14,1362.0,7,0,1,ECE,7,11,True,high
8.26,93,50,31,1278.0,4,2,2,CSE,5,10,True,high
9.34,280,78,17,1375.0,1,2,2,ECE,7,53,True,high
8.52,253,94,13,1287.0,2,1,4,EEE,6,82,True,high
6.15,223,181,0,1531.0,2,0,0,CSE,8,69,True,mid
8.96,315,122,41,1605.0,4,2,3,EEE,8,13,True,high
6.7,175,186,19,1305.0,2,1,4,CSE,8,32,True,high
7.38,288,5,9,1197.0,1,2,4,EEE,6,76,True,mid
8.08,68,156,9,1578.0,0,2,4,EEE,6,25,True,high
10.0,99,16,23,1446.0,7,0,1,CSE,5,13,True,high
10.0,340,116,33,1308.0,5,0,1,EEE,6,87,True,high
8.47,203,59,27,1744.0,1,0,4,CSE,6,47,True,high
7.6,132,149,26,1259.0,2,2,5,CSE,8,64,True,high
8.39,145,151,39,902.0,1,3,3,CSE,8,45,True,high
8.78,148,124,0,1223.0,5,0,2,CSE,5,54,True,high
7.45,238,80,32,1805.0,3,3,2,MECH,7,93,True,high
9.77,283,84,3,1321.0,6,3,0,CSE,5,73,True,high
8.05,59,50,6,1271.0,5,3,2,EEE,5,73,True,high
8.35,127,177,8,1407.0,6,1,2,IT,8,91,True,high
8.53,211,138,15,1653.0,5,2,3,CSE,8,67,True,high
8.26,200,183,4,1379.0,3,0,2,CSE,5,77,True,high
8.72,332,70,33,1548.0,2,2,3,CSE,8,11,True,high
7.12,190,169,22,1353.0,2,2,1,CSE,8,53,True,high
7.19,87,38,42,1550.0,7,1,3,CSE,5,63,True,high
6.59,84,68,49,1445.0,0,1,1,EEE,6,46,True,mid
8.28,304,47,24,1301.0,5,1,3,CSE,7,36,True,high
8.66,290,124,12,1465.0,1,2,4,EEE,8,73,True,high
8.3,30,56,23,1264.0,0,3,5,CSE,6,40,False,none
9.64,180,20,10,1055.0,2,2,1,CSE,5,26,True,high
7.79,24,81,16,1395.0,2,1,1,CSE,7,41,True,high
8.54,220,98,36,1078.0,7,2,2,CSE,7,75,True,high
6.6,57,147,12,1549.0,7,1,1,CSE,7,85,True,high
7.37,95,14,26,1391.0,7,1,3,EEE,5,67,True,high
8.57,158,68,19,1756.0,4,0,4,EEE,8,28,True,high
8.73,197,178,32,1317.0,0,3,4,CSE,7,35,True,high
7.48,315,75,41,1395.0,2,1,2,EEE,8,56,True,high
7.72,160,61,31,1033.0,3,0,3,CSE,8,77,False,none
6.13,150,118,7,1124.0,6,3,3,CSE,8,11,True,high
7.41,78,36,28,980.0,4,1,0,MECH,8,44,True,mid
8.78,269,133,39,1669.0,1,3,1,IT,8,19,True,high
8.43,343,198,18,1285.0,6,3,2,MECH,7,44,True,high
8.35,18,25,5,1732.0,4,2,4,CSE,7,22,True,high
7.85,130,7,43,800.0,7,0,5,IT,7,61,True,high
7.81,110,3,38,1787.0,5,3,0,EEE,7,85,True,high
7.07,158,20,47,1383.0,5,2,3,ECE,5,33,True,high
8.57,155,158,40,1485.0,1,3,1,IT,6,20,True,high
8.26,252,148,20,1134.0,3,2,4,MECH,5,50,True,high
8.34,250,24,21,1532.0,1,1,0,EEE,6,8,True,mid
7.22,346,142,41,1307.0,0,1,3,MECH,5,73,True,high
5.5,52,162,9,1102.0,6,2,4,CSE,8,9,True,high
9.01,104,176,9,1098.0,1,1,4,EEE,6,51,True,high
7.27,235,42,28,1094.0,1,1,3,CSE,5,44,True,mid
6.85,15,168,15,1495.0,4,1,3,IT,7,51,True,high
8.56,223,36,0,1241.0,3,3,2,ECE,5,29,True,high
7.37,215,184,16,990.0,1,2,4,MECH,8,63,True,high
8.97,76,41,29,1492.0,0,0,3,ECE,6,96,True,high
8.48,109,174,25,857.0,4,0,5,MECH,6,1,True,mid
8.55,21,91,45,1732.0,3,2,5,CSE,8,48,True,high
6.3,246,60,18,1897.0,3,3,0,ECE,7,95,True,high
9.13,331,141,20,1072.0,2,1,1,MECH,8,44,True,high
8.09,267,67,16,1663.0,5,1,5,CSE,6,16,True,high
7.39,346,52,45,1487.0,6,3,2,CSE,6,27,True,high
7.96,144,83,39,1275.0,0,0,3,ECE,7,44,True,mid
5.85,231,33,20,1287.0,5,2,1,CSE,5,16,True,mid
8.25,165,75,40,1564.0,4,2,2,CSE,5,58,True,high
6.67,151,96,39,1390.0,4,3,4,CSE,6,13,True,high
6.31,167,151,44,800.0,0,1,1,CSE,8,9,False,none
6.13,335,147,48,1918.0,3,1,5,MECH,7,97,True,high
9.02,271,196,18,1508.0,7,1,2,IT,5,77,True,high
7.11,292,29,6,1387.0,1,2,3,EEE,6,80,True,high
9.49,347,87,16,1220.0,0,0,3,CSE,8,85,True,high
7.21,238,6,0,1353.0,4,2,2,MECH,5,17,True,high
5.92,289,35,36,1717.0,5,3,4,ECE,7,34,True,high
6.57,299,37,5,1465.0,6,2,5,MECH,7,47,True,high
9.16,177,51,25,1494.0,0,3,2,ECE,7,57,True,high
7.63,56,142,1,1088.0,3,2,0,CSE,6,17,True,high
7.2,212,173,31,1313.0,6,0,2,EEE,8,51,True,high
7.98,223,150,47,1413.0,6,3,2,ECE,6,29,True,high
8.35,255,139,4,1574.0,6,1,5,CIVIL,6,36,True,high
9.03,33,171,36,1296.0,2,1,3,EEE,6,39,True,high
9.39,330,142,30,1632.0,6,2,4,CSE,6,5,True,high
7.4,283,92,11,1114.0,2,2,2,EEE,5,78,True,high
6.34,53,106,34,1417.0,1,0,1,ECE,8,34,True,low
7.35,341,125,29,1376.0,1,0,3,CSE,5,25,True,high
8.09,322,48,47,1021.0,6,1,3,ECE,8,90,True,high
6.74,165,20,5,1388.0,3,2,2,CSE,6,29,True,high
6.75,208,14,14,1254.0,5,3,5,CSE,6,74,True,high
8.18,171,13,14,1753.0,1,0,1,CSE,5,23,True,mid
7.75,243,41,15,1297.0,2,3,2,CSE,7,54,True,high
7.84,172,14,19,1488.0,3,3,1,CSE,7,77,True,high
6.97,125,62,12,1092.0,6,0,3,MECH,8,86,True,high
7.55,102,195,43,1459.0,3,2,1,CSE,7,8,True,high
6.78,51,26,41,1296.0,3,3,2,ECE,6,61,True,high
8.78,293,92,45,1206.0,0,2,0,ECE,5,17,True,high
8.94,219,104,30,2108.0,5,3,0,CSE,8,50,True,high
5.77,215,52,33,1312.0,6,2,1,IT,8,18,True,mid
6.78,229,51,28,1347.0,5,2,5,EEE,6,68,True,high
6.15,289,62,2,1625.0,1,2,2,MECH,5,81,True,mid
7.08,145,180,8,1208.0,7,2,4,ECE,7,32,True,high
7.71,115,56,10,1501.0,5,0,0,EEE,7,37,True,mid
6.21,127,119,10,1528.0,4,3,3,IT,7,12,True,high
6.79,246,51,24,1461.0,2,2,2,CSE,6,48,True,high
6.7,318,106,21,1974.0,1,1,2,ECE,8,72,True,high
8.03,109,42,41,1199.0,6,3,0,ECE,5,89,True,high
7.88,270,134,45,1784.0,5,3,4,IT,6,52,True,high
7.01,314,116,8,1518.0,2,2,3,CSE,5,0,True,high
7.99,295,169,19,1627.0,6,3,4,EEE,5,11,True,high
7.2,337,3,20,1485.0,6,1,3,CSE,8,23,True,high
7.5,112,196,9,1870.0,1,1,0,IT,7,0,True,high
9.64,72,132,21,1320.0,4,1,2,ECE,8,67,True,high
9.27,184,79,28,1524.0,2,3,3,CIVIL,6,6,True,high
6.37,291,40,8,1726.0,7,3,2,CIVIL,8,91,True,high
8.71,302,131,4,1260.0,7,2,1,ECE,7,68,True,high
8.69,235,1,39,1650.0,7,3,1,EEE,5,38,True,high
6.54,16,194,10,1395.0,4,3,0,EEE,8,31,True,high
8.7,136,148,0,1091.0,2,2,0,ECE,5,48,True,high
9.49,101,197,41,1037.0,0,1,5,ECE,6,30,True,high
6.57,199,42,0,1377.0,6,2,0,CSE,6,78,True,high
6.79,62,81,38,1648.0,0,0,1,CSE,5,2,False,none
8.92,251,107,45,880.0,2,3,3,IT,5,46,True,high
8.1,141,196,4,1450.0,7,3,4,CSE,7,14,True,high
8.41,121,136,48,1623.0,2,0,0,MECH,6,50,True,high
8.17,16,155,21,1081.0,4,0,4,CSE,6,81,True,high
8.23,239,25,25,1242.0,6,0,4,ECE,7,84,True,high
6.34,165,81,5,1543.0,5,2,1,CSE,6,73,True,high
8.95,206,82,31,1612.0,6,1,5,ECE,7,20,True,high
9.09,332,130,47,1801.0,3,2,3,CSE,8,89,True,high
7.55,232,72,10,1253.0,2,0,1,EEE,5,40,True,mid
7.75,259,99,9,1196.0,1,2,0,ECE,7,2,False,none
6.12,92,48,46,1813.0,1,3,1,MECH,6,0,True,high
8.37,249,144,38,1211.0,1,2,1,ECE,7,20,True,high
8.43,332,62,33,1527.0,0,0,1,IT,6,74,True,high
7.73,272,54,30,1946.0,5,3,0,MECH,6,79,True,high
9.04,198,150,11,1588.0,4,1,0,CSE,5,98,True,high
7.43,299,33,43,1596.0,5,2,1,CSE,7,20,True,high
8.42,67,104,15,1720.0,0,2,1,CSE,5,74,True,high
6.68,18,104,37,1531.0,5,0,4,CSE,5,94,True,high
7.77,313,68,2,1597.0,5,1,3,ECE,8,48,True,high
7.61,124,14,1,1314.0,6,3,4,IT,6,64,True,high
8.05,219,174,4,1690.0,1,0,5,ECE,7,40,True,high
7.39,50,2,10,1503.0,2,0,3,MECH,6,95,True,mid
7.66,313,155,24,1030.0,1,2,5,CSE,8,66,True,high
8.71,182,2,34,1461.0,5,1,3,CSE,6,95,True,high
7.32,243,101,34,858.0,2,0,1,MECH,6,41,True,mid
6.03,290,3,21,1578.0,6,2,4,CSE,7,68,True,high
9.72,87,87,36,1342.0,4,3,3,CIVIL,8,56,True,high
9.32,117,158,21,1876.0,3,0,5,CSE,8,42,True,high
6.38,290,44,10,1522.0,2,3,3,CIVIL,6,11,True,high
8.56,48,186,31,1631.0,0,3,0,MECH,8,77,True,high
7.25,128,44,34,1138.0,1,2,3,EEE,7,63,True,mid
8.09,344,74,30,1571.0,6,1,1,CIVIL,8,50,True,high
8.12,345,164,44,1240.0,6,3,2,CSE,8,72,True,high
7.54,36,192,7,1673.0,1,0,0,CSE,7,59,True,mid
6.94,113,8,19,1120.0,5,1,2,CSE,7,70,True,mid
7.04,83,144,41,1427.0,5,1,1,CSE,7,79,True,high
6.79,200,117,33,1111.0,5,2,2,ECE,7,27,True,high
6.88,333,64,3,1431.0,7,0,3,CIVIL,5,70,True,high
7.73,156,130,17,1906.0,6,0,2,CSE,5,13,True,high
7.01,264,25,3,1580.0,5,2,4,IT,5,31,True,high
8.55,293,180,19,1392.0,1,2,1,IT,8,7,True,high
9.44,222,158,8,800.0,7,1,4,EEE,5,26,True,high
7.16,132,25,15,1266.0,2,3,2,IT,5,49,True,high
8.06,215,22,25,1519.0,4,3,4,MECH,6,58,True,high
8.35,249,29,37,1272.0,2,3,0,ECE,7,56,True,high
8.32,348,9,24,1757.0,0,3,2,EEE,8,2,True,high
7.88,295,71,3,1418.0,7,0,5,EEE,7,26,True,high
8.62,31,63,40,1670.0,1,0,4,CSE,6,93,True,high
8.33,268,149,44,1451.0,7,2,3,CSE,8,33,True,high
6.44,114,142,40,1331.0,2,2,2,ECE,5,25,True,high
8.76,267,122,37,1282.0,1,3,5,CSE,8,39,True,high
8.78,213,104,18,1147.0,6,2,0,IT,5,85,True,high
6.96,319,183,13,1674.0,0,0,3,ECE,7,31,True,high
7.84,271,73,20,1293.0,6,3,2,CSE,5,40,True,high
8.55,116,147,14,1531.0,3,3,3,CSE,8,1,True,high
7.57,260,104,2,1269.0,3,0,2,ECE,5,71,True,high
8.98,230,46,36,1129.0,3,1,2,CSE,5,6,True,high
10.0,231,86,49,1539.0,1,3,1,CSE,8,18,True,high
6.94,267,52,45,1213.0,2,2,4,IT,5,32,True,high
6.28,210,180,15,1300.0,1,1,2,CSE,7,1,True,high
8.13,267,128,13,1088.0,6,0,0,EEE,7,66,True,high
8.59,234,1,8,1277.0,4,1,5,CSE,7,91,True,high
7.55,211,57,46,1406.0,6,1,4,IT,6,77,True,high
9.4,235,146,6,1328.0,2,3,1,ECE,8,14,True,high
6.33,245,189,13,1605.0,6,1,4,EEE,8,20,True,high
8.56,192,71,5,1436.0,6,2,4,MECH,6,77,True,high
7.13,209,139,20,2172.0,0,3,2,EEE,6,58,True,high
9.69,255,153,14,1506.0,5,0,0,CSE,6,81,True,high
9.99,120,26,7,966.0,3,2,2,ECE,6,38,True,high
6.96,15,28,33,1347.0,2,3,0,CSE,7,19,True,mid
7.2,245,14,39,1368.0,7,1,0,ECE,8,0,True,high
8.75,136,173,0,1247.0,7,2,3,ECE,7,72,True,high
7.37,113,128,31,1418.0,7,3,2,MECH,7,8,True,high
7.75,246,59,48,1239.0,7,3,1,CSE,6,50,True,high
7.83,164,106,4,1483.0,2,0,5,CSE,6,37,True,high
5.69,266,184,29,923.0,3,3,4,IT,7,92,True,high
7.78,244,2,21,1686.0,6,0,3,IT,7,14,True,high
7.04,298,114,19,1005.0,0,1,1,IT,7,83,True,low
7.26,49,145,15,1334.0,1,3,5,ECE,5,40,True,high
9.39,297,51,6,1217.0,1,3,5,CSE,7,93,True,high
6.42,206,59,6,1476.0,6,1,2,CIVIL,6,46,True,mid
8.69,282,33,49,1354.0,6,3,0,CSE,5,25,True,high
7.49,273,95,49,1463.0,5,3,2,CSE,7,53,True,high
7.49,66,88,1,1678.0,7,2,5,CSE,6,69,True,high
8.67,307,59,46,1592.0,2,0,2,EEE,8,38,True,mid
8.17,107,153,13,1409.0,3,3,3,CSE,6,16,True,high
8.43,146,199,30,1515.0,6,3,1,MECH,7,69,True,high
8.87,96,18,49,1890.0,6,0,5,CSE,8,91,True,high
7.44,251,110,40,1601.0,4,2,3,CSE,6,8,True,high
7.13,208,21,13,1327.0,0,0,1,ECE,8,90,True,low
6.61,319,160,4,1719.0,1,3,3,CSE,7,98,True,high
6.89,93,165,10,1498.0,0,1,4,IT,8,45,True,mid
10.0,251,127,39,1159.0,0,1,0,IT,6,5,True,high
9.17,290,34,4,1355.0,5,2,0,CSE,5,67,True,high
6.31,332,106,28,1032.0,7,2,0,IT,6,15,True,high
6.35,261,127,10,829.0,0,3,4,EEE,7,86,True,high
8.33,199,194,4,1163.0,3,2,5,ECE,6,86,True,high
8.4,161,82,48,1431.0,5,3,5,EEE,6,28,True,high
8.4,311,137,31,1431.0,6,1,4,IT,5,40,True,high
7.52,287,142,35,1047.0,3,2,0,CSE,6,67,True,high
7.66,148,138,14,805.0,5,3,0,CSE,7,61,True,high
8.16,185,110,18,1768.0,3,0,1,ECE,5,39,True,high
7.89,17,89,21,1424.0,5,2,1,CSE,6,61,True,high
5.5,304,23,33,1789.0,5,3,2,CSE,5,23,True,high
7.55,244,76,16,1775.0,2,3,3,EEE,7,5,True,high
6.86,172,100,11,1584.0,3,0,1,MECH,8,39,True,mid
7.99,58,131,24,1415.0,2,1,1,CSE,7,69,True,high
10.0,311,12,16,1301.0,6,0,1,CSE,5,57,True,high
8.2,47,184,9,1580.0,7,3,1,MECH,6,13,True,high
7.46,145,97,27,1360.0,7,0,4,CSE,6,77,True,high
8.81,319,119,17,1253.0,5,0,2,MECH,7,44,True,high
8.33,228,36,17,876.0,7,3,1,IT,6,98,True,high
8.26,305,47,44,1379.0,1,1,5,IT,8,5,True,high
8.47,43,198,31,1674.0,5,0,3,EEE,8,22,True,high
10.0,88,0,13,1715.0,1,0,1,CSE,5,61,True,mid
6.56,245,59,15,1413.0,1,2,4,CSE,5,83,True,high
8.32,282,139,49,1178.0,1,2,5,EEE,6,16,True,high
6.78,170,148,17,1626.0,1,3,0,IT,6,83,True,high
8.41,184,138,15,1396.0,7,3,0,CSE,7,69,True,high
6.79,317,43,16,1309.0,3,3,2,CSE,7,27,True,high
7.34,230,114,6,1036.0,4,2,0,MECH,5,12,True,high
7.48,18,185,11,1926.0,3,3,1,CSE,8,28,True,high
8.87,298,107,33,1585.0,6,0,4,CSE,7,44,True,high
8.81,122,43,9,1612.0,4,0,2,IT,8,19,True,high
6.43,214,77,4,1184.0,3,1,5,CSE,7,57,True,mid
7.86,195,161,20,1420.0,6,3,1,CSE,7,80,True,high
7.02,206,24,2,1380.0,7,0,0,ECE,5,53,True,mid
6.42,275,131,18,1596.0,1,0,3,MECH,7,98,True,mid
7.56,271,191,44,1740.0,0,1,1,CSE,5,63,True,high
7.46,257,115,43,1041.0,5,0,3,ECE,7,51,True,high
10.0,124,118,34,1131.0,4,1,5,EEE,5,42,True,high
8.28,130,143,5,1561.0,0,1,3,ECE,5,86,True,high
6.28,150,9,13,1273.0,1,2,5,CSE,5,17,True,mid
7.18,74,108,3,1604.0,4,0,2,CSE,5,99,True,high
8.92,285,193,44,1307.0,0,2,4,ECE,6,83,True,high
10.0,322,34,17,1088.0,3,0,0,MECH,8,53,True,high
6.06,248,133,28,960.0,6,2,0,MECH,6,59,True,high
5.73,311,18,34,1521.0,1,1,1,EEE,7,70,True,mid
9.86,19,186,37,1527.0,3,1,0,MECH,5,99,True,high
8.23,242,180,15,1643.0,3,1,2,CSE,6,0,True,high
6.84,204,7,19,1482.0,1,1,0,CIVIL,5,36,True,low
8.39,21,9,23,800.0,4,0,1,CIVIL,5,48,True,low
5.5,186,194,34,1526.0,5,3,0,ECE,5,34,True,high
7.8,186,165,43,1036.0,2,0,4,CSE,6,66,True,high
8.16,226,28,18,933.0,2,2,5,ECE,5,34,True,high
8.82,20,14,3,903.0,5,0,3,ECE,8,92,True,mid
6.68,127,86,32,880.0,7,0,3,CSE,6,8,True,high
7.89,173,22,1,1470.0,1,2,5,EEE,8,36,False,none
6.78,48,45,12,1217.0,2,1,3,MECH,8,59,False,none
8.08,62,27,44,1020.0,5,2,4,MECH,7,55,True,high
6.82,227,25,29,1406.0,0,2,2,CSE,8,88,True,mid
7.35,215,9,33,1124.0,5,3,1,CSE,5,11,True,high
6.7,321,174,29,1645.0,7,3,4,EEE,8,70,True,high
8.52,65,3,23,1763.0,4,1,1,CIVIL,6,70,True,high
8.74,127,54,47,1346.0,6,2,2,ECE,6,3,True,high
7.54,262,65,43,1744.0,5,2,4,EEE,7,60,True,high
7.84,295,66,32,1744.0,3,2,0,CSE,8,44,True,high
6.21,277,134,40,1421.0,3,0,2,EEE,8,94,True,mid
7.47,300,54,48,1833.0,6,3,3,IT,5,49,True,high
7.74,342,30,9,1245.0,1,3,4,EEE,6,49,True,high
10.0,189,73,17,911.0,3,1,2,IT,7,73,True,high
6.58,244,18,18,1011.0,0,3,2,ECE,7,47,True,mid
9.41,205,155,6,1233.0,5,3,4,MECH,5,22,True,high
8.9,317,80,18,1534.0,6,1,3,CSE,6,89,True,high
8.11,89,155,23,1111.0,0,2,5,CSE,8,86,True,high
9.73,144,146,14,1231.0,1,0,3,CSE,7,92,True,high
8.21,31,86,40,1088.0,3,1,2,ECE,6,7,True,high
8.23,340,19,41,1237.0,6,3,1,CSE,7,82,True,high
7.74,234,12,22,1736.0,2,1,5,EEE,7,28,True,high
9.15,67,76,3,1489.0,5,3,5,IT,8,42,True,high
9.01,102,42,37,1256.0,2,2,2,EEE,7,52,True,high
7.11,201,138,3,1705.0,4,2,4,CSE,6,5,True,high
6.35,112,175,4,1406.0,1,2,4,IT,8,92,True,high
7.58,16,142,40,1433.0,4,3,4,ECE,5,23,True,high
6.92,137,144,43,1686.0,2,1,3,EEE,8,73,True,high
7.73,64,181,22,1314.0,2,3,0,CIVIL,7,13,True,high
9.16,240,49,39,1629.0,2,2,4,IT,8,51,True,high
7.3,71,27,36,1611.0,4,2,4,ECE,6,69,True,high
7.75,249,3,10,1364.0,6,2,5,MECH,7,3,True,high
7.86,99,21,10,1051.0,1,3,1,ECE,8,57,True,high
8.73,241,118,12,1403.0,7,0,1,ECE,7,78,True,high
5.5,242,100,13,1684.0,5,2,2,ECE,6,36,True,high
7.13,342,38,7,1605.0,7,1,2,ECE,6,47,True,high
8.03,301,33,24,1828.0,6,2,2,ECE,7,38,True,high
9.12,161,96,17,1277.0,5,3,4,EEE,6,91,True,high
7.26,154,43,43,1595.0,0,1,1,CSE,7,65,True,mid
5.74,139,169,43,1148.0,7,3,2,EEE,6,12,True,high
8.48,150,39,17,1450.0,0,0,1,EEE,8,65,False,none
7.1,102,96,9,1676.0,7,0,4,CIVIL,6,59,True,high
6.49,123,139,6,1627.0,2,3,5,CSE,5,40,True,high
7.11,293,129,49,1426.0,1,2,4,CIVIL,5,31,True,high
7.6,152,155,43,1333.0,7,1,2,IT,7,51,True,high
7.13,232,73,13,1151.0,1,2,4,EEE,7,4,True,high
5.5,241,85,14,1344.0,3,3,4,MECH,7,66,True,high
8.79,42,89,15,1072.0,3,3,1,ECE,7,65,True,high
9.2,285,66,1,1314.0,6,2,0,IT,6,77,True,high
8.52,179,198,29,948.0,7,1,3,EEE,8,51,True,high
6.55,149,199,29,1070.0,4,1,2,CSE,8,48,True,high
7.58,210,75,17,1613.0,7,1,0,ECE,5,28,True,high
7.79,32,91,30,1585.0,7,1,5,EEE,8,37,True,high
8.46,233,9,43,1328.0,3,1,2,CSE,7,69,True,high
8.54,279,85,47,1416.0,6,0,0,MECH,7,97,True,high
6.99,162,101,12,1450.0,5,0,4,CSE,7,7,True,high
7.89,342,184,19,1515.0,5,3,2,ECE,8,58,True,high
8.3,94,107,48,1488.0,6,0,0,EEE,8,54,True,high
9.4,118,164,49,1066.0,4,1,3,CIVIL,7,1,True,high
8.57,40,90,34,800.0,0,1,4,EEE,5,25,True,mid
8.67,238,191,22,1146.0,2,1,2,MECH,7,62,True,high
7.89,249,78,41,1361.0,1,3,5,IT,5,16,True,high
9.35,319,85,32,1640.0,0,3,5,ECE,7,58,True,high
8.25,150,106,37,1459.0,6,2,2,MECH,8,87,True,high
6.85,165,167,34,1534.0,5,0,0,CSE,6,94,True,high
9.34,308,100,35,1176.0,0,0,2,MECH,5,15,False,none
8.57,108,107,19,1382.0,4,2,4,CSE,7,57,True,high
7.31,56,59,2,1416.0,2,2,1,IT,6,63,True,high
7.27,336,47,7,1211.0,5,0,5,CSE,6,49,True,high
8.13,76,116,39,1133.0,4,1,0,CSE,7,84,True,high
8.31,71,105,31,1343.0,6,0,3,CSE,8,25,True,high
8.02,118,146,28,1565.0,0,1,2,CSE,7,16,True,high
8.14,176,199,6,1174.0,1,3,4,ECE,6,45,True,high
9.67,46,32,1,1348.0,3,0,2,ECE,7,67,True,high
8.98,128,43,20,1739.0,4,0,3,IT,5,49,True,high
8.01,95,164,5,1270.0,5,3,4,CSE,8,42,True,high
8.84,61,111,27,1402.0,0,3,3,CSE,7,47,True,high
6.66,100,88,47,1374.0,3,3,4,EEE,8,67,True,high
8.24,298,35,41,1353.0,3,3,1,CSE,8,18,True,high
9.79,346,80,35,1817.0,0,3,5,CIVIL,6,24,True,high
7.56,307,87,31,1476.0,2,2,4,ECE,8,71,True,high
6.87,213,148,44,1007.0,0,2,3,EEE,8,17,False,none
7.08,247,129,41,1782.0,5,3,0,CSE,7,50,True,high
6.6,164,30,45,1469.0,6,3,5,CSE,6,17,True,high
6.94,249,107,8,1307.0,1,3,1,MECH,7,57,True,high
7.39,145,29,10,1737.0,5,3,2,ECE,6,63,True,high
6.25,73,171,22,1205.0,6,1,1,IT,7,70,True,high
7.82,132,11,49,1829.0,3,1,1,ECE,5,56,True,high
8.79,263,50,10,1423.0,1,3,2,MECH,7,16,True,high
6.8,123,120,48,1651.0,4,3,4,IT,8,58,True,high
9.47,29,176,1,2167.0,3,0,1,CSE,6,66,True,high
8.36,25,151,2,1445.0,7,3,5,MECH,7,85,True,high
8.93,154,151,10,1376.0,2,3,1,CSE,6,14,True,high
7.08,217,187,49,1133.0,0,2,0,EEE,7,94,True,high
8.74,28,138,34,1370.0,4,1,5,EEE,7,99,True,high
6.6,175,12,14,1141.0,7,3,0,ECE,5,25,True,high
8.78,47,90,42,1353.0,5,1,5,CSE,7,47,True,high
7.99,190,199,10,2124.0,1,1,3,EEE,8,13,True,high
8.41,114,73,30,1430.0,4,0,2,CIVIL,6,80,True,high
6.51,109,199,27,1262.0,7,1,5,IT,7,8,True,high
6.82,99,191,27,1348.0,7,1,5,EEE,7,6,True,high
8.46,309,19,31,1297.0,7,3,4,CSE,6,90,True,high
6.76,341,71,24,1662.0,2,2,4,CIVIL,8,91,True,high
8.31,88,72,19,1377.0,0,3,3,CIVIL,7,54,True,high
6.3,82,70,27,1802.0,4,3,4,CSE,6,11,True,high
8.73,185,77,24,1321.0,5,2,4,CSE,5,16,True,high
6.44,105,27,10,1337.0,1,2,0,CIVIL,6,72,True,mid
8.41,112,129,18,1176.0,4,0,4,CIVIL,7,7,True,high
8.49,233,120,27,1304.0,0,2,4,CSE,7,90,True,high
7.03,15,42,0,967.0,5,3,3,IT,7,41,False,none
8.44,131,7,4,868.0,4,2,3,ECE,7,75,True,high
8.09,245,12,9,1556.0,1,2,1,IT,6,36,True,high
7.21,125,110,41,964.0,0,2,4,ECE,7,19,True,mid
6.69,172,34,45,1501.0,2,1,4,ECE,8,0,True,high
5.64,235,22,33,1275.0,2,0,5,CSE,8,8,False,none
8.18,239,45,35,1635.0,3,1,4,CIVIL,6,23,True,high
6.08,191,14,1,969.0,4,1,0,ECE,7,33,False,none
7.9,258,129,17,1550.0,1,0,5,MECH,6,35,True,high
7.51,327,60,12,1483.0,4,1,4,CSE,5,3,True,high
8.55,219,114,4,1491.0,0,2,0,MECH,7,28,True,mid
7.47,153,63,19,1681.0,3,0,1,ECE,6,86,True,high
7.44,105,51,1,1418.0,1,1,5,CSE,5,98,True,high
8.61,253,163,10,800.0,4,3,2,CSE,7,15,True,high
8.17,95,194,29,1512.0,1,1,4,CSE,8,7,True,high
8.15,193,68,31,1480.0,0,3,5,MECH,8,90,True,high
8.32,130,66,31,1339.0,3,2,3,ECE,7,38,True,high
6.11,341,174,49,1190.0,1,3,5,CSE,6,57,True,high
8.63,101,82,37,1310.0,0,1,3,CSE,5,11,True,high
8.47,79,1,27,1765.0,2,1,4,ECE,7,43,True,high
6.68,142,171,9,1170.0,1,1,0,CSE,8,3,True,low
7.53,288,191,21,965.0,3,0,3,ECE,8,24,True,high
7.76,146,77,16,1033.0,6,0,5,EEE,7,69,True,high
7.65,323,27,21,1391.0,5,1,5,ECE,5,66,True,high
8.17,196,53,42,1818.0,5,1,3,ECE,6,38,True,high
9.37,230,66,18,1951.0,1,2,1,CSE,6,23,True,high
8.99,55,163,16,1563.0,1,0,1,CSE,8,84,True,high
6.36,287,101,23,1155.0,0,0,1,MECH,5,5,True,low
8.48,201,119,35,1181.0,4,0,3,IT,7,96,True,high
9.26,17,190,31,1619.0,5,3,3,ECE,5,71,True,high
8.23,285,152,45,1733.0,7,1,5,CSE,7,32,True,high
9.0,188,47,35,1240.0,4,2,4,ECE,7,47,True,high
10.0,343,166,27,1756.0,5,2,4,CIVIL,7,66,True,high
8.93,48,46,13,1343.0,1,1,0,EEE,7,1,True,high
8.07,302,20,35,1579.0,7,1,3,CIVIL,7,37,True,high
8.95,187,157,5,1686.0,3,2,4,CSE,5,39,True,high
7.96,171,91,8,1030.0,3,3,4,EEE,6,55,True,high
7.83,340,158,20,1513.0,6,2,1,EEE,8,87,True,high
7.41,113,120,11,1757.0,5,3,1,ECE,6,20,True,high
9.52,170,115,29,1260.0,7,3,1,ECE,5,81,True,high
6.9,296,153,30,1136.0,5,0,2,ECE,6,34,True,high
9.49,132,149,39,1524.0,0,1,4,MECH,6,74,True,high
8.35,63,148,3,1433.0,1,0,1,IT,6,74,True,mid
6.26,43,0,30,1318.0,1,3,1,CSE,7,66,True,mid
8.2,251,164,26,1399.0,6,2,3,ECE,8,59,True,high
5.5,122,76,24,982.0,4,0,5,IT,7,22,True,low
8.49,327,84,4,1501.0,0,2,1,CSE,5,64,True,high
8.77,32,45,5,1798.0,2,3,3,ECE,7,62,True,high
7.15,55,136,4,1221.0,3,2,0,CSE,8,22,True,mid
7.94,321,144,26,1193.0,3,0,1,CSE,8,85,True,high
9.95,144,46,7,1443.0,1,3,5,IT,6,41,True,high
7.24,127,58,8,2111.0,6,1,3,ECE,6,93,True,high
6.64,198,53,14,1675.0,7,0,5,EEE,8,63,True,high
9.43,140,85,35,1376.0,0,0,1,CSE,7,65,False,none
9.96,221,11,40,1410.0,2,1,0,CSE,7,80,True,high
7.8,122,191,6,1700.0,3,3,1,CIVIL,5,40,True,high
8.91,53,5,31,1173.0,0,1,3,ECE,7,19,False,none
9.28,137,52,7,1553.0,2,0,0,CSE,5,8,True,mid
6.98,167,143,46,1121.0,5,3,0,IT,5,56,True,high
7.27,282,89,14,1631.0,1,2,0,ECE,6,74,True,high
9.15,324,4,36,1327.0,4,0,2,ECE,6,16,True,high
9.65,349,72,18,1450.0,3,2,3,EEE,6,77,True,high
8.42,54,173,38,1310.0,3,1,2,CSE,6,81,True,high
6.83,117,13,5,1575.0,2,3,5,ECE,5,17,True,high
9.99,228,171,18,1356.0,4,1,0,EEE,5,62,True,high
7.22,327,190,27,1939.0,7,2,2,CSE,5,71,True,high
7.43,324,105,16,1755.0,5,0,1,EEE,6,92,True,high
8.18,186,51,41,1074.0,0,3,2,CSE,6,71,True,high
9.51,237,115,18,1448.0,1,1,4,EEE,6,25,True,high
8.74,200,25,30,1584.0,0,2,5,CSE,6,91,True,high
8.26,169,52,10,1285.0,2,2,0,IT,6,71,True,high
8.31,276,108,14,1703.0,7,0,0,CIVIL,6,83,True,high
7.85,335,28,9,1674.0,7,2,5,CSE,8,71,True,high
8.41,199,18,42,1379.0,3,3,5,IT,7,77,True,high
5.5,184,46,22,1645.0,5,2,3,ECE,8,12,True,high
7.47,299,135,2,800.0,3,0,1,EEE,7,16,False,none
8.07,154,22,2,1739.0,0,1,5,MECH,8,25,True,high
6.53,241,116,17,1622.0,5,3,5,CSE,6,5,True,high
8.22,213,105,24,1128.0,6,1,3,CSE,7,80,True,high
7.58,222,162,42,1463.0,1,1,5,CSE,7,3,True,high
9.73,49,52,19,893.0,2,2,2,ECE,8,88,True,high
9.53,284,95,28,1209.0,1,2,4,CSE,6,6,True,high
7.29,332,185,21,1674.0,7,0,4,ECE,8,16,True,high
7.63,91,4,49,1397.0,2,2,4,CSE,7,85,False,none
7.72,190,15,14,1383.0,7,2,5,EEE,7,91,True,high
7.3,329,16,38,1411.0,1,1,4,CSE,8,49,True,mid
8.01,92,159,9,1382.0,6,3,1,CSE,8,5,True,high
6.97,312,101,20,1647.0,0,2,2,CSE,7,29,True,high
6.56,271,179,28,1245.0,4,3,4,EEE,6,73,True,high
8.48,281,19,31,1505.0,5,2,0,CIVIL,6,55,True,high
8.49,209,111,9,1114.0,2,2,5,CSE,6,38,True,high
6.92,249,119,12,1585.0,0,0,2,MECH,5,13,True,low
8.78,189,193,46,1320.0,3,2,1,CIVIL,5,53,True,high
7.11,180,110,22,1390.0,3,0,4,IT,7,21,True,high
8.08,304,0,49,1309.0,1,1,1,ECE,8,56,True,high
8.7,186,57,22,1341.0,7,3,5,CSE,5,40,True,high
7.76,246,92,30,1149.0,3,2,4,CSE,7,89,True,high
8.3,147,171,3,1482.0,7,0,0,CSE,6,9,True,high
7.23,336,5,48,1539.0,4,1,2,EEE,8,1,True,high
7.58,320,107,2,1067.0,2,2,0,ECE,5,66,True,high
7.57,138,102,20,1251.0,1,0,4,EEE,7,47,True,mid
6.98,58,49,1,1408.0,2,0,3,CSE,8,41,True,mid
7.61,173,117,3,1250.0,2,1,2,CSE,6,10,False,none
6.1,286,109,0,1344.0,6,2,1,IT,7,73,True,high
7.26,302,199,14,1804.0,0,2,4,IT,8,11,True,high
7.49,125,87,32,1145.0,3,3,0,EEE,5,13,True,high
7.52,33,19,5,822.0,5,2,5,CSE,8,29,True,mid
7.53,320,13,6,1250.0,2,0,3,IT,8,59,True,mid
7.73,34,132,18,1318.0,7,3,5,CSE,5,76,True,high
8.33,136,168,43,1278.0,4,3,4,EEE,6,29,True,high
8.76,243,39,0,1467.0,6,2,1,CSE,7,37,True,high
7.09,218,33,38,1143.0,7,3,0,EEE,8,74,True,high
6.48,102,123,18,1106.0,4,0,2,MECH,5,64,True,mid
6.65,103,44,44,1231.0,7,0,3,CIVIL,7,90,True,high
7.26,336,198,25,1237.0,5,1,4,EEE,6,46,True,high
7.41,234,79,43,1930.0,3,0,4,IT,8,38,True,high
6.95,289,70,11,1788.0,3,1,4,ECE,7,48,True,high
6.37,20,154,21,983.0,1,3,4,EEE,7,72,True,mid
7.3,338,77,12,918.0,1,1,0,CSE,7,57,False,none
8.0,21,77,27,1379.0,7,2,2,CSE,8,89,True,high
8.45,44,171,13,1878.0,1,1,1,MECH,6,88,True,high
7.19,237,32,21,1567.0,3,2,3,CIVIL,7,16,True,high
7.35,229,32,29,1392.0,2,3,4,CSE,5,5,True,high
6.78,150,43,43,1286.0,7,1,5,CSE,7,14,True,high
7.77,32,19,19,1669.0,0,0,4,CSE,7,66,False,none
6.87,92,110,43,1444.0,5,2,2,CIVIL,6,94,True,high
8.43,238,163,26,1833.0,6,3,2,CSE,7,27,True,high
5.84,89,6,37,978.0,5,0,0,CSE,7,72,True,low
7.4,299,159,41,1506.0,5,2,0,CSE,8,43,True,high
8.13,340,194,40,1259.0,1,3,5,CSE,5,17,True,high
8.0,168,166,33,1504.0,0,3,5,EEE,5,31,True,high
10.0,137,23,38,1463.0,4,0,0,IT,8,82,True,high
8.18,199,69,40,1527.0,3,3,3,CSE,8,68,True,high
6.7,40,111,43,1644.0,4,1,5,CSE,6,43,True,high
7.69,24,103,36,1747.0,1,3,0,CIVIL,8,69,True,high
5.85,322,53,0,1888.0,2,2,4,CIVIL,7,62,True,high
7.71,84,37,14,1404.0,6,2,0,CSE,8,75,True,high
6.88,43,73,31,1264.0,6,2,3,CSE,7,57,True,high
8.81,205,79,7,1094.0,1,1,0,IT,6,46,True,high
7.2,340,31,32,1509.0,0,0,0,EEE,6,16,True,low
7.67,38,44,17,1609.0,6,1,4,IT,8,38,True,high
7.1,203,60,44,1063.0,1,1,5,CSE,6,58,True,high
9.71,25,197,28,1686.0,5,1,4,EEE,8,6,True,high
7.45,86,52,31,1375.0,2,3,4,EEE,7,62,True,high
9.82,302,127,32,1086.0,2,0,0,CIVIL,6,56,True,high
8.7,90,178,4,1188.0,3,3,4,IT,7,74,True,high
8.33,133,75,17,1164.0,3,1,2,CSE,7,33,True,high
8.21,28,183,47,1169.0,5,2,1,EEE,7,52,True,high
8.23,111,26,9,1542.0,7,1,1,CSE,5,65,True,high
5.68,86,165,35,1616.0,7,0,4,MECH,8,77,True,high
7.49,238,61,32,1825.0,2,2,5,MECH,7,81,True,high
8.73,306,17,22,1225.0,7,0,3,CIVIL,8,47,True,high
7.75,212,126,39,1486.0,5,1,4,CSE,7,59,True,high
6.25,70,108,4,1238.0,2,0,5,CSE,6,42,True,mid
7.74,35,102,33,1405.0,7,3,4,CSE,7,72,True,high
9.67,80,191,23,1030.0,7,2,0,CSE,8,3,True,high
9.17,112,76,16,1119.0,7,0,5,CSE,6,77,True,high
7.73,335,116,30,1601.0,0,2,3,IT,8,74,True,high
8.85,166,103,6,1029.0,7,2,4,ECE,6,93,True,high
7.4,203,157,16,1554.0,7,1,2,ECE,8,90,True,high
5.93,284,48,27,1231.0,1,1,5,CIVIL,8,92,False,none
6.78,333,168,37,919.0,3,2,1,CIVIL,7,51,True,high
9.52,195,115,21,800.0,0,0,5,ECE,6,31,True,mid
7.5,335,140,14,1766.0,6,2,2,CSE,7,93,True,high
7.53,122,161,36,924.0,7,1,2,CSE,8,89,True,high
7.47,322,99,14,1384.0,7,0,2,ECE,7,93,True,high
9.89,174,124,49,1488.0,1,2,3,MECH,7,50,True,high
9.59,70,24,49,1072.0,7,1,3,EEE,7,9,True,high
10.0,101,193,24,1262.0,7,2,5,EEE,7,11,True,high
7.63,295,127,20,1520.0,7,2,3,CIVIL,7,96,True,high
8.13,162,99,37,1473.0,3,2,1,MECH,5,97,True,high
6.13,234,145,1,1285.0,6,0,0,IT,6,81,True,high
9.42,136,4,26,1459.0,5,1,5,CIVIL,8,38,True,high
6.52,202,18,48,1374.0,6,1,4,CSE,8,79,True,high
8.04,124,169,31,1157.0,0,3,4,CSE,5,67,True,high
6.59,271,17,20,1700.0,7,2,5,ECE,8,9,True,high
7.15,27,120,3,1452.0,4,2,0,EEE,5,91,True,high
6.88,19,31,43,939.0,6,3,4,EEE,6,81,True,high
7.13,101,148,18,1530.0,4,2,5,CSE,5,72,True,high
7.21,148,9,1,1246.0,3,0,5,CIVIL,8,85,True,mid
7.2,342,36,25,1328.0,0,3,2,CSE,8,9,True,mid
8.72,349,176,33,1402.0,6,1,1,IT,7,22,True,high
6.58,61,85,13,1202.0,7,2,4,ECE,6,76,True,high
8.04,204,12,14,1851.0,1,1,1,CSE,7,87,True,high
9.14,215,182,19,1027.0,6,2,5,CSE,7,12,True,high
7.24,296,144,33,1414.0,7,3,0,CSE,6,47,True,high
7.01,102,8,35,1495.0,1,1,5,CSE,6,88,True,high
7.55,318,87,18,1410.0,0,2,4,EEE,7,43,True,high
9.1,154,171,8,1352.0,4,0,1,CSE,6,92,True,high
8.01,95,45,6,1306.0,0,3,2,MECH,5,79,True,mid
7.22,162,135,29,1199.0,7,2,2,CSE,7,63,True,high
8.33,11,118,12,1195.0,4,2,5,CSE,7,39,True,high
6.59,269,164,26,1690.0,4,2,0,MECH,8,5,True,high
8.55,173,18,43,1290.0,5,3,3,ECE,5,71,True,high
8.25,15,190,34,1933.0,5,2,4,ECE,7,97,True,high
7.46,158,173,12,1567.0,1,2,5,CSE,6,81,True,high
6.88,214,93,14,800.0,3,1,2,CSE,6,42,True,low
6.82,127,198,45,1621.0,2,1,2,CSE,7,31,True,high
8.39,98,25,8,1387.0,0,3,0,ECE,5,48,True,high
9.15,163,45,44,1053.0,4,3,2,CSE,6,73,True,high
7.1,176,117,22,1726.0,7,0,4,ECE,7,97,True,high
8.3,170,45,35,1291.0,0,2,0,CIVIL,6,86,True,high
5.5,279,13,39,1270.0,3,1,1,CSE,8,18,True,mid
7.16,65,84,2,1494.0,7,1,0,IT,6,83,True,high
7.77,237,62,33,1686.0,3,2,4,CSE,6,51,True,high
6.8,346,71,18,1428.0,2,2,4,MECH,6,51,True,high
6.77,158,2,27,1410.0,7,3,1,MECH,6,33,True,high
7.07,55,27,22,1226.0,6,0,5,CSE,8,58,True,high
8.12,153,124,39,1681.0,2,0,0,IT,7,80,True,high
7.59,247,156,48,1431.0,4,3,4,ECE,6,4,True,high
5.5,281,86,44,1344.0,5,3,4,CSE,7,65,True,high
5.5,129,145,6,1313.0,6,1,1,ECE,8,40,True,low
7.13,349,162,40,1657.0,2,3,3,IT,5,33,True,high
8.3,229,76,11,1334.0,5,0,0,CIVIL,6,53,True,high
5.5,17,75,13,1657.0,6,1,4,CSE,6,19,False,none
7.25,284,174,45,1282.0,5,0,2,ECE,8,53,True,high
7.22,75,113,14,1581.0,4,2,1,CSE,5,65,True,high
9.33,88,132,2,1452.0,7,0,3,ECE,6,91,True,high
7.38,95,74,14,1162.0,1,1,3,ECE,7,17,True,high
8.22,133,58,23,1378.0,7,0,1,CSE,7,43,True,high
7.96,211,58,45,852.0,5,1,3,ECE,8,47,True,high
5.5,159,46,7,1214.0,7,1,4,IT,6,34,False,none
8.65,55,94,4,1006.0,4,3,3,ECE,7,78,True,high
8.04,122,140,3,1899.0,2,0,0,MECH,8,38,True,high
8.36,100,77,13,1008.0,0,3,2,CSE,6,2,True,high
10.0,150,112,15,2046.0,2,3,4,IT,6,18,True,high
5.51,298,108,19,1529.0,7,0,1,CSE,7,86,True,high
9.7,227,105,23,1270.0,3,1,2,ECE,7,82,True,high
7.48,86,88,5,1602.0,2,2,5,MECH,6,17,True,high
8.12,343,32,30,1239.0,1,0,4,MECH,6,93,True,mid
7.75,161,96,5,1048.0,4,3,2,CSE,7,82,True,high
7.33,332,189,34,1420.0,5,3,3,ECE,7,4,True,high
7.17,248,78,14,1575.0,3,1,5,EEE,8,54,True,high
8.16,124,15,28,1720.0,4,3,1,CSE,8,12,True,high
6.13,328,43,2,1524.0,4,2,1,EEE,6,33,True,mid
8.63,103,185,10,1268.0,5,3,0,CSE,8,87,True,high
7.34,57,119,2,1747.0,6,1,3,CSE,5,17,True,high
6.56,200,133,27,1691.0,2,0,0,CSE,8,67,True,mid
7.3,21,107,9,1467.0,0,1,0,CSE,7,99,True,mid
9.18,165,142,49,1703.0,6,3,3,MECH,7,71,True,high
7.21,181,3,32,1946.0,3,1,4,ECE,7,42,True,high
8.19,305,55,47,1264.0,5,3,5,ECE,5,64,True,high
7.0,186,63,15,1175.0,1,1,0,CSE,5,40,True,high
8.63,66,195,9,1257.0,1,0,2,CSE,6,37,True,high
8.55,349,161,32,1063.0,0,3,5,ECE,8,99,True,high
9.83,212,94,35,1548.0,0,2,4,CSE,6,37,True,high
7.61,194,55,2,998.0,2,2,3,MECH,6,12,True,high
8.54,130,31,4,1716.0,1,2,1,IT,8,21,True,high
7.91,235,115,11,1232.0,3,2,4,CIVIL,6,28,True,high
9.23,211,8,43,1740.0,7,3,0,ECE,8,8,True,high
7.01,339,190,12,800.0,5,3,2,EEE,6,90,True,high
8.62,225,104,23,1304.0,0,0,5,IT,6,67,True,mid
7.59,52,199,43,1077.0,0,1,3,ECE,6,16,True,high
7.73,32,77,31,1738.0,0,3,1,EEE,8,36,True,high
7.9,164,160,15,1820.0,7,2,5,EEE,5,63,True,high
8.08,195,86,31,814.0,5,3,2,EEE,5,66,True,high
7.67,258,20,44,1616.0,3,2,1,EEE,7,3,True,high
8.04,246,54,36,1667.0,1,0,3,EEE,8,39,False,none
9.54,302,75,35,1481.0,7,1,5,EEE,5,15,True,high
8.88,143,184,20,1547.0,7,3,4,MECH,7,10,True,high
8.76,330,129,46,1529.0,6,1,0,ECE,7,90,True,high
7.3,31,140,11,1617.0,3,2,3,EEE,7,25,True,high
6.82,97,125,20,1127.0,5,2,2,CSE,6,94,True,high
8.85,162,131,20,1700.0,3,1,4,CIVIL,6,97,True,high
8.76,134,83,42,1452.0,2,0,5,CSE,6,71,True,high
9.42,88,177,5,1437.0,6,1,1,ECE,7,64,True,high
7.14,60,114,8,1542.0,5,1,4,MECH,5,1,True,high
7.55,225,47,0,1082.0,6,3,4,EEE,7,90,True,high
6.0,185,122,11,1012.0,6,3,2,CSE,6,44,True,high
7.37,262,77,13,1370.0,0,2,0,CSE,6,42,True,mid
8.9,255,29,5,1786.0,1,3,4,IT,7,2,True,high
7.29,236,28,0,1104.0,6,0,4,CSE,8,33,True,high
8.5,115,135,21,1444.0,2,0,0,CSE,7,79,True,high
7.59,202,139,33,1221.0,2,0,0,EEE,6,64,True,high
8.16,325,40,10,1187.0,5,2,1,EEE,5,63,True,high
6.54,311,25,2,1525.0,4,0,5,EEE,7,6,True,high
7.89,45,49,41,1590.0,7,0,1,EEE,7,34,True,high
5.5,213,1,5,1203.0,0,3,0,CIVIL,7,21,False,none
7.59,276,54,5,1747.0,1,2,3,IT,6,47,True,high
6.01,277,103,19,1506.0,1,1,0,MECH,8,31,False,none
9.13,179,183,20,1340.0,1,0,1,CSE,8,25,True,high
8.66,48,13,1,1487.0,7,3,2,ECE,5,5,True,high
8.31,148,133,25,1909.0,5,1,2,EEE,7,45,True,high
9.47,301,127,30,1588.0,0,0,5,ECE,5,54,True,high
6.76,61,103,25,1225.0,6,1,4,CSE,6,74,True,high
9.72,296,94,31,1395.0,6,1,2,ECE,6,94,True,high
8.83,298,80,9,1433.0,5,2,1,CIVIL,7,54,True,high
7.54,150,60,22,1566.0,1,2,2,ECE,6,84,True,high
9.05,155,11,5,1460.0,7,0,3,EEE,8,56,True,high
6.58,323,12,22,1874.0,6,0,0,EEE,6,85,True,high
6.89,193,146,27,1343.0,3,2,0,CSE,6,62,True,high
7.13,161,171,48,968.0,3,0,1,ECE,6,0,False,none
7.22,210,88,29,1454.0,7,0,4,CSE,7,20,True,high
6.64,137,94,13,1290.0,7,2,0,ECE,5,19,True,high
9.15,296,58,36,1024.0,0,1,2,MECH,6,72,True,high
7.52,320,36,31,1224.0,1,0,3,MECH,6,90,True,low
8.19,262,24,48,1310.0,5,3,4,CSE,6,28,True,high
7.17,275,15,33,1685.0,7,2,4,CSE,5,42,True,high
5.8,197,165,40,1029.0,7,0,4,MECH,5,96,True,high
8.1,239,170,43,1487.0,4,0,0,CSE,6,44,True,high
5.7,280,86,21,1955.0,7,2,5,CSE,7,64,True,high
7.72,268,141,30,1356.0,4,3,4,ECE,6,2,True,high
6.29,308,133,6,1349.0,4,3,1,EEE,7,95,True,high
9.99,207,22,40,1580.0,3,2,2,MECH,6,19,True,high
8.8,332,125,20,1531.0,5,3,5,IT,6,80,True,high
7.92,65,59,15,1754.0,4,0,3,CSE,7,36,True,high
9.19,328,139,19,1358.0,1,3,2,CSE,7,37,True,high
6.87,212,140,42,1576.0,1,0,1,EEE,8,73,True,mid
8.4,280,99,43,1580.0,4,1,1,MECH,6,44,True,high
8.02,118,102,46,1316.0,2,3,5,CSE,8,92,True,high
8.09,125,133,49,1372.0,4,1,2,ECE,7,41,True,high
9.2,101,62,18,1397.0,2,2,0,ECE,8,45,True,high
8.61,147,37,47,1091.0,0,3,1,MECH,8,59,True,high
8.12,312,127,31,1303.0,0,0,4,CSE,5,95,True,high
5.98,66,49,14,1774.0,1,3,3,IT,5,12,True,mid
6.74,59,179,4,1659.0,5,2,3,ECE,7,30,True,high
7.67,80,39,10,1255.0,3,2,1,CSE,6,67,True,high
7.9,91,7,14,1396.0,5,0,4,CSE,8,61,True,high
6.56,114,188,28,1643.0,1,3,2,CSE,5,48,True,high
10.0,97,7,49,1511.0,1,1,3,EEE,8,17,True,high
9.47,11,103,44,1600.0,5,2,4,MECH,5,74,True,high
8.46,93,33,3,1534.0,3,2,4,CSE,6,52,True,high
7.88,52,187,48,1454.0,1,0,0,ECE,8,17,True,high
7.57,163,56,35,1359.0,6,3,1,MECH,5,50,True,high
6.75,336,173,47,1101.0,6,1,4,CSE,6,40,True,high
7.89,103,21,22,1573.0,3,3,2,ECE,5,96,True,high
8.08,307,86,14,1345.0,1,3,3,CSE,8,66,True,high
6.43,142,39,45,988.0,6,1,0,CSE,7,64,True,high
8.17,74,172,43,1264.0,0,0,2,ECE,8,82,False,none
7.63,299,182,2,1613.0,2,2,3,CSE,7,5,True,high
5.7,266,178,31,921.0,1,0,1,ECE,6,73,False,none
6.85,222,85,9,1143.0,2,0,2,IT,5,36,True,mid
7.35,157,132,39,1434.0,4,3,3,CSE,6,11,True,high
9.88,70,94,37,1751.0,6,1,0,CSE,7,80,True,high
8.41,158,12,21,1650.0,1,2,3,MECH,7,90,True,high
6.33,97,27,13,1775.0,0,3,4,CSE,6,1,True,high
8.33,333,83,16,1452.0,3,2,0,CSE,5,52,True,high
6.1,287,61,20,1348.0,0,3,2,ECE,6,24,True,mid
8.99,91,92,47,1611.0,2,1,5,IT,6,27,True,high
7.28,138,86,14,1175.0,3,2,1,CSE,5,44,True,high
7.7,295,23,14,1156.0,0,2,0,IT,5,36,True,mid
9.26,289,97,0,1111.0,0,0,0,EEE,5,16,True,mid
6.38,279,6,23,1672.0,0,3,0,EEE,8,68,False,none
6.26,301,165,11,1191.0,5,3,3,EEE,6,55,True,high
7.16,212,36,9,1650.0,7,3,4,CSE,8,57,True,high
8.94,33,67,45,1437.0,3,0,5,CSE,6,82,True,high
6.13,320,169,41,1675.0,0,0,1,CSE,7,3,True,mid
5.5,217,85,41,1124.0,7,2,1,CSE,5,54,True,high
7.3,289,132,30,1244.0,6,3,4,IT,7,48,True,high
8.41,214,191,10,1513.0,6,3,3,ECE,6,37,True,high
9.12,161,177,15,1292.0,0,2,3,ECE,5,44,True,high
7.29,35,86,8,800.0,2,2,4,MECH,8,29,True,mid
7.35,203,14,46,1057.0,0,2,4,IT,7,95,True,high
9.07,345,122,13,1122.0,6,1,2,IT,6,36,True,high
5.74,247,106,18,1140.0,0,1,3,MECH,6,55,True,low
7.37,330,180,30,1570.0,4,2,0,CSE,6,26,True,high
8.01,84,152,8,1484.0,7,0,1,CSE,7,31,True,high
8.29,172,88,35,1441.0,3,0,3,CSE,7,10,True,high
7.24,308,124,38,1902.0,4,3,4,CSE,5,57,True,high
7.84,38,112,25,1694.0,7,1,0,CSE,5,76,True,high
5.5,174,136,7,1600.0,7,1,2,IT,6,34,True,high
7.08,346,165,23,1026.0,5,2,5,IT,6,16,True,high
8.3,195,149,7,1415.0,2,2,2,EEE,7,29,True,high
6.72,63,106,18,1475.0,7,2,0,EEE,7,17,True,high
7.86,304,86,46,1296.0,4,2,0,ECE,7,29,True,high
8.29,51,176,47,1827.0,5,2,4,CSE,6,89,True,high
7.42,294,67,29,1413.0,1,0,5,IT,8,15,True,mid
7.99,147,14,21,1093.0,3,0,4,CSE,5,74,True,high
6.74,196,64,8,1151.0,0,2,1,EEE,7,53,False,none
7.57,213,53,43,1971.0,4,0,5,CSE,8,3,True,high
8.47,51,157,47,1295.0,4,2,5,CIVIL,7,14,True,high
7.97,297,92,3,880.0,0,2,1,EEE,6,75,True,mid
7.15,35,19,36,1250.0,0,1,2,EEE,5,26,False,none
8.05,65,32,7,943.0,2,0,0,CSE,8,3,False,none
8.59,262,99,0,1629.0,4,0,2,ECE,6,34,True,high
5.55,131,76,27,911.0,4,1,4,ECE,7,84,True,high
9.07,115,134,5,1049.0,6,0,3,CSE,5,62,True,high
7.43,139,135,46,1401.0,7,1,4,CIVIL,5,99,True,high
8.27,346,155,35,1677.0,1,3,3,MECH,6,65,True,high
9.12,167,172,10,1383.0,6,0,0,ECE,6,38,True,high
6.29,240,106,4,1086.0,5,2,0,CSE,8,27,True,mid
7.02,317,119,49,1446.0,1,1,5,MECH,8,33,True,high
7.48,100,73,23,1283.0,6,2,0,CSE,7,32,True,high
6.94,31,10,46,1683.0,4,2,1,CSE,5,49,True,high
9.71,299,30,17,1614.0,1,0,1,CSE,6,59,True,high
6.86,119,11,19,1266.0,4,1,3,CSE,7,71,True,mid
7.19,58,123,27,1595.0,3,3,2,ECE,5,71,True,high
8.02,138,77,12,1468.0,2,2,5,CSE,7,41,True,high
6.48,82,178,4,1742.0,1,2,2,EEE,5,85,True,high
7.36,349,171,29,1584.0,4,3,3,EEE,7,90,True,high
8.15,62,95,0,1537.0,1,1,1,ECE,8,27,True,high
7.43,177,49,21,1732.0,7,0,4,CSE,6,74,True,high
7.7,54,116,17,1404.0,7,2,5,CIVIL,8,26,True,high
7.22,114,16,45,1207.0,5,0,3,EEE,7,0,True,mid
6.13,159,162,4,1450.0,2,1,2,CSE,7,91,True,high
8.15,155,128,30,1311.0,3,3,3,ECE,6,90,True,high
9.73,213,156,5,1551.0,0,0,3,CSE,6,7,True,high
7.82,308,178,26,1415.0,7,1,0,CSE,8,45,True,high
8.05,176,63,24,1501.0,0,0,1,IT,7,23,True,mid
8.56,210,131,28,1099.0,1,0,5,CSE,7,39,True,high
6.4,143,86,27,1527.0,4,2,0,EEE,7,50,True,high
9.67,220,155,15,1079.0,5,0,1,CSE,5,99,True,high
8.02,57,15,11,1640.0,7,2,3,IT,8,23,True,high
9.6,135,62,19,1641.0,2,1,1,CSE,5,21,True,high
6.99,248,75,17,1487.0,3,1,2,CSE,8,73,True,high
9.8,16,180,33,1478.0,3,2,5,ECE,6,67,True,high
8.65,281,84,22,1344.0,7,3,0,ECE,6,7,True,high
8.41,46,108,44,1249.0,7,0,5,ECE,6,57,True,high
8.06,220,16,26,1396.0,6,1,3,ECE,8,14,True,high
7.53,174,167,48,1896.0,3,1,2,CSE,8,7,True,high
9.12,134,140,16,1457.0,0,3,1,ECE,8,92,True,high
7.95,346,179,47,1064.0,2,1,1,ECE,6,41,True,mid
5.64,201,57,20,973.0,6,2,2,EEE,5,38,True,high
6.57,227,164,49,1040.0,0,3,1,CSE,7,34,True,high
7.6,223,78,39,1306.0,1,1,0,EEE,6,40,True,mid
8.14,71,60,30,1716.0,3,3,4,IT,7,47,True,high
7.74,337,112,2,1144.0,2,3,1,MECH,7,77,True,high
9.14,170,120,16,1755.0,7,1,3,CSE,6,95,True,high
5.65,75,33,49,1445.0,3,1,1,ECE,7,70,True,high
7.96,295,69,25,1521.0,0,1,5,ECE,8,43,True,mid
5.8,248,16,22,1514.0,0,3,3,CSE,8,96,True,high
8.64,29,19,5,1548.0,0,2,1,ECE,7,34,True,high
7.7,197,58,27,1297.0,3,2,1,ECE,7,26,True,high
8.26,91,68,7,816.0,2,0,3,CSE,6,64,True,low
6.85,211,160,44,1253.0,2,1,0,CSE,5,69,True,high
9.21,141,101,7,1178.0,1,2,4,CSE,5,65,True,high
8.95,46,119,18,1478.0,3,0,4,CSE,5,70,True,high
8.44,141,144,37,1455.0,1,0,0,CSE,5,71,False,none
7.66,86,56,28,1332.0,5,1,1,CSE,5,62,True,high
8.44,98,82,22,1839.0,1,0,4,CSE,8,92,True,high
7.02,262,128,46,1240.0,1,2,0,CIVIL,7,79,True,high
8.74,203,12,31,844.0,1,0,0,MECH,6,28,True,low
9.61,185,154,9,1430.0,7,0,4,ECE,6,30,True,high
8.98,42,197,26,1697.0,0,2,3,CIVIL,6,63,True,high
7.0,67,186,48,1472.0,5,0,2,CSE,5,85,True,high
8.2,210,5,0,1311.0,6,0,3,ECE,6,52,True,high
6.38,37,96,38,1460.0,7,3,1,CSE,8,73,True,high
8.43,44,93,28,1860.0,1,0,3,MECH,7,67,True,high
8.3,134,109,44,1181.0,2,0,5,CSE,7,24,True,high
5.74,330,150,2,1408.0,1,3,2,CSE,6,12,True,high
6.52,51,137,46,1567.0,0,3,2,CSE,6,80,True,high
7.49,94,50,36,1463.0,7,3,0,IT,6,39,True,high
7.47,197,146,30,1338.0,4,1,5,CSE,7,71,True,high
6.47,120,50,10,1293.0,6,1,1,CSE,7,86,True,high
8.23,280,86,21,1329.0,5,2,0,CSE,5,6,True,high
8.08,334,67,17,1533.0,4,0,3,MECH,8,31,True,high
7.59,114,83,34,1518.0,4,2,3,ECE,6,23,True,high
6.97,329,41,5,1924.0,5,1,4,EEE,7,0,True,high
8.95,50,56,2,1016.0,3,0,0,ECE,7,46,False,none
9.62,224,195,4,1839.0,6,0,5,ECE,6,50,True,high
7.27,80,165,8,1349.0,7,3,0,CSE,7,35,True,high
7.13,65,61,27,1377.0,6,1,0,CSE,5,26,True,high
8.34,245,6,18,1615.0,2,0,0,CIVIL,6,69,True,high
7.41,290,111,27,1613.0,0,3,2,EEE,6,41,True,high
7.65,114,198,26,1689.0,5,0,4,IT,5,94,True,high
8.61,171,177,12,1744.0,7,1,1,MECH,5,75,True,high
5.7,200,179,37,1390.0,4,2,1,ECE,7,89,True,high
9.25,18,25,42,1747.0,0,2,1,EEE,5,88,True,high
7.88,69,153,20,1243.0,0,0,2,MECH,5,67,True,mid
7.35,314,18,26,1324.0,3,3,4,CSE,7,69,True,high
7.7,234,8,45,1354.0,4,3,5,CSE,8,12,True,high
7.76,316,60,5,1268.0,1,3,4,ECE,7,24,True,high
5.9,197,19,37,1415.0,0,1,2,CSE,8,94,True,low
9.44,79,105,48,1624.0,4,2,5,CSE,7,21,True,high
7.85,302,49,10,1563.0,6,2,0,IT,6,98,True,high
8.29,296,80,46,1247.0,0,0,3,MECH,7,20,True,mid
8.85,178,149,40,1226.0,3,2,0,ECE,6,14,True,high
6.68,71,140,16,1186.0,3,3,1,ECE,5,66,True,high
8.32,23,139,38,1422.0,1,1,0,CSE,6,36,True,high
7.51,173,9,6,1005.0,3,3,2,ECE,6,44,True,mid
8.73,254,64,29,1177.0,7,3,1,ECE,7,25,True,high
5.5,344,157,20,1285.0,4,2,3,MECH,7,80,True,high
7.69,17,7,0,1664.0,5,1,5,IT,5,54,True,high
7.14,163,148,24,1367.0,3,1,5,CSE,8,49,True,high
8.28,45,21,31,1651.0,5,3,1,CSE,7,34,True,high
8.32,57,17,7,1447.0,1,0,0,ECE,6,40,False,none
7.02,94,193,4,1281.0,6,2,4,ECE,8,71,True,high
7.02,37,175,29,1292.0,2,0,4,CSE,5,10,True,high
7.68,205,171,7,1108.0,0,3,5,CIVIL,7,87,True,high
6.81,217,8,48,2001.0,7,2,4,IT,6,7,True,high
8.73,213,194,18,1678.0,0,0,1,IT,7,53,True,high
7.39,316,53,43,1551.0,4,0,4,CIVIL,8,93,True,high
5.5,113,25,29,1074.0,1,0,2,IT,7,0,False,none
7.39,239,93,14,1287.0,1,2,5,IT,5,97,True,high
6.66,110,99,35,1156.0,1,0,3,EEE,5,19,False,none
6.01,38,25,43,1432.0,0,1,4,CSE,6,99,True,mid
6.44,136,33,26,1168.0,3,3,2,CSE,7,33,False,none
7.92,347,7,12,1232.0,0,2,2,CSE,6,56,True,high
9.26,19,137,13,1175.0,0,1,1,ECE,6,97,True,high
8.14,115,47,36,1340.0,0,0,5,MECH,7,12,False,none
7.13,176,182,47,1418.0,6,3,1,ECE,5,53,True,high
8.3,266,106,29,1347.0,6,0,3,CSE,8,52,True,high
7.3,304,53,38,1783.0,3,1,3,CSE,6,51,True,high
7.04,286,167,46,1603.0,2,0,0,CSE,5,5,True,high
6.53,74,118,12,1204.0,4,2,3,CSE,5,35,True,high
5.87,280,142,15,1481.0,2,1,5,CSE,8,24,True,high
7.37,197,80,43,1225.0,2,2,5,CSE,6,90,True,high
7.97,326,145,6,1301.0,0,3,1,CSE,6,57,True,high
7.69,147,95,47,1520.0,7,2,2,ECE,7,54,True,high
7.34,114,101,26,1566.0,2,2,0,CSE,7,94,True,high
6.76,43,150,44,1253.0,0,0,3,EEE,6,2,False,none
8.47,119,61,34,1124.0,0,0,2,ECE,7,27,False,none
6.35,42,45,14,1422.0,4,1,1,CSE,6,67,False,none
8.65,240,86,27,1509.0,1,3,4,EEE,5,80,True,high
6.7,326,98,34,1240.0,0,1,0,CSE,7,37,False,none
6.97,275,38,6,1604.0,6,3,5,CSE,5,33,True,high
6.19,191,142,49,1560.0,2,3,2,IT,8,83,True,high
7.25,349,52,45,1237.0,4,2,1,ECE,5,12,True,high
8.87,74,191,49,1683.0,5,0,1,ECE,7,4,True,high
8.37,342,190,45,1690.0,5,3,0,CIVIL,6,59,True,high
8.88,10,79,19,1917.0,5,0,0,IT,8,87,True,high
8.37,142,15,31,1828.0,2,3,3,CSE,5,16,True,high
6.59,89,103,37,1174.0,1,0,3,MECH,8,56,True,low
7.44,280,69,39,1631.0,3,1,5,MECH,5,30,True,high
6.94,250,193,31,1620.0,7,0,5,CSE,7,91,True,high
9.26,37,140,25,1313.0,1,2,0,EEE,7,64,True,high
6.48,232,107,38,1514.0,7,3,0,CSE,6,65,True,high
8.78,32,46,19,931.0,4,2,2,ECE,6,32,True,high
8.78,118,8,17,924.0,1,3,3,EEE,8,92,True,high
9.81,116,190,49,971.0,5,2,1,CSE,5,3,True,high
7.35,154,33,14,1497.0,1,3,3,CIVIL,7,81,True,high
8.58,148,156,21,1509.0,4,0,3,MECH,6,54,True,high
10.0,293,164,21,1332.0,4,3,0,IT,8,23,True,high
7.12,307,170,20,1830.0,5,2,0,CSE,7,31,True,high
6.11,108,85,1,1647.0,6,2,3,CSE,5,72,True,high
5.73,326,114,39,1000.0,2,3,4,MECH,6,46,True,high
8.58,132,63,42,1357.0,7,3,4,CSE,5,15,True,high
5.73,329,151,17,1165.0,0,1,5,ECE,6,20,True,mid
7.39,296,198,22,1503.0,3,1,3,MECH,6,93,True,high
8.28,90,33,12,1392.0,3,0,4,CSE,8,66,True,high
8.0,19,175,40,1179.0,5,0,5,CSE,8,96,True,high
8.27,17,11,8,1824.0,6,0,5,ECE,5,30,True,high
8.04,214,150,48,1414.0,3,0,3,CSE,7,13,True,high
9.21,324,96,6,1296.0,1,0,5,ECE,6,5,True,mid
6.75,206,120,40,1337.0,4,3,0,CSE,6,68,True,high
7.06,207,140,0,1805.0,7,1,0,CSE,5,28,True,high
6.95,39,86,1,1628.0,6,3,0,MECH,7,54,True,high
8.71,29,101,3,1359.0,4,1,1,ECE,8,36,True,high
8.79,57,95,13,1152.0,5,1,0,EEE,6,58,True,high
8.3,139,172,31,1191.0,4,2,0,CSE,6,35,True,high
9.1,302,113,35,1279.0,7,2,3,EEE,6,84,True,high
6.5,141,192,1,1527.0,0,1,4,IT,8,75,False,none
9.63,63,46,39,1589.0,4,3,4,ECE,5,58,True,high
9.48,290,57,49,1219.0,4,1,0,EEE,7,86,True,high
8.61,274,132,13,1600.0,6,0,0,CSE,8,77,True,high
9.76,224,120,19,1173.0,7,3,0,ECE,5,63,True,high
5.98,299,117,24,1247.0,1,3,5,CIVIL,7,42,True,high
7.22,52,4,41,1038.0,2,1,3,MECH,5,41,True,low
6.99,83,187,48,1030.0,3,0,3,ECE,8,73,True,high
8.59,287,95,7,1170.0,1,1,3,IT,6,59,True,high
6.64,335,20,27,1394.0,1,0,4,CSE,8,61,True,high
8.63,251,151,45,1152.0,1,3,1,EEE,8,63,True,high
9.31,139,127,20,1775.0,3,1,4,CSE,7,90,True,high
8.56,203,123,22,1167.0,5,0,3,EEE,6,57,True,high
8.11,41,145,31,1446.0,1,2,2,CSE,7,1,True,high
6.71,115,20,7,1730.0,2,3,1,IT,5,77,True,high
6.87,213,53,30,1423.0,5,3,0,MECH,6,70,True,high
9.17,10,137,36,1309.0,4,2,5,CSE,5,80,True,high
8.66,254,151,15,1437.0,2,0,4,EEE,7,83,True,high
7.76,81,103,39,1260.0,6,3,5,MECH,8,7,True,high
7.34,315,110,41,1150.0,7,0,1,CSE,8,55,True,high
5.57,24,115,26,1553.0,5,2,2,CSE,7,83,True,high
6.62,62,187,39,1254.0,4,1,1,CSE,7,35,True,high
9.9,17,56,40,1634.0,4,3,4,CSE,8,68,True,high
6.39,339,127,17,1599.0,1,3,3,ECE,8,12,True,high
8.01,55,150,34,1442.0,1,0,0,ECE,6,38,True,mid
8.91,334,149,48,1643.0,3,3,3,ECE,5,80,True,high
6.42,123,195,14,1264.0,0,1,3,ECE,6,5,True,mid
8.0,156,161,26,1596.0,2,2,4,IT,7,18,True,high
8.83,175,119,16,1595.0,3,3,3,MECH,7,24,True,high
7.81,148,69,39,1325.0,3,2,3,EEE,8,2,True,high
10.0,126,155,1,1293.0,2,0,4,CSE,8,52,True,high
5.96,308,94,48,1482.0,7,1,4,CSE,6,27,True,high
8.96,285,98,49,1892.0,5,3,2,CSE,5,25,True,high
7.61,286,166,30,1342.0,6,2,3,EEE,6,46,True,high
8.65,347,41,36,1287.0,2,1,1,CSE,5,7,True,high
8.29,322,150,40,1695.0,4,2,0,CSE,6,56,True,high
6.99,187,69,40,1417.0,6,0,5,CIVIL,8,54,True,high
8.05,339,1,33,1617.0,7,1,0,ECE,6,78,True,high
5.76,163,151,33,1769.0,0,1,4,CIVIL,7,0,True,mid
8.46,210,144,2,923.0,7,0,5,CIVIL,5,39,True,high
8.13,124,108,16,1391.0,5,0,4,CSE,6,22,False,none
8.5,168,64,13,1343.0,1,3,2,IT,8,99,True,high
8.96,51,69,13,1159.0,0,0,3,CSE,7,53,True,mid
8.2,256,68,45,920.0,0,0,4,IT,5,41,True,low
7.96,77,120,37,1002.0,7,2,4,ECE,8,79,True,high
6.83,335,108,34,1426.0,1,1,0,MECH,6,49,True,high
7.02,343,59,0,1266.0,0,2,3,EEE,7,3,True,high
9.11,205,177,47,1200.0,5,0,2,ECE,5,7,True,high
9.38,99,92,28,1424.0,5,3,4,EEE,7,35,True,high
7.54,120,11,3,1227.0,5,2,4,IT,5,9,True,high
7.85,154,102,32,1723.0,3,2,4,IT,7,29,True,high
6.8,284,174,16,1245.0,3,1,0,EEE,7,99,True,high
9.09,188,194,27,1776.0,5,1,4,EEE,6,15,True,high
8.53,250,111,49,1392.0,1,1,4,CSE,8,29,True,high
9.94,335,64,25,1237.0,1,3,0,MECH,5,63,True,high
6.83,328,154,7,1219.0,2,3,4,EEE,8,73,True,high
7.38,340,47,33,1778.0,2,0,3,MECH,6,10,False,none
8.05,162,87,17,1574.0,7,0,3,EEE,7,33,True,high
8.51,113,61,30,1210.0,5,1,0,CSE,7,79,True,high
7.56,84,43,26,1430.0,6,2,3,CSE,5,54,True,high
6.84,137,146,15,810.0,0,1,5,CSE,6,82,False,none
8.77,208,186,9,1067.0,0,0,5,ECE,7,3,True,mid
8.59,163,135,39,1212.0,1,2,5,CSE,8,48,True,high
6.79,65,54,11,1206.0,6,0,2,EEE,8,43,True,mid
9.29,287,107,21,1703.0,0,3,4,CSE,5,30,True,high
9.09,28,46,15,921.0,7,1,2,CSE,6,47,True,high
7.95,168,1,11,1043.0,4,1,3,CSE,7,98,True,high
7.89,35,112,10,1513.0,3,2,0,CSE,7,97,True,high
8.41,178,166,19,1458.0,0,1,5,CSE,8,25,True,high
6.85,32,172,0,1313.0,0,0,0,EEE,5,69,False,none
7.83,56,159,26,1913.0,2,0,2,CSE,6,96,True,high
5.5,22,192,2,1554.0,4,3,3,CSE,7,90,True,high
8.76,226,165,11,1706.0,0,0,4,IT,6,11,True,high
6.08,331,10,29,1387.0,3,2,3,CSE,7,44,True,high
9.45,203,137,8,1264.0,7,0,5,MECH,5,7,True,high
7.44,153,111,36,1267.0,0,3,3,IT,6,8,True,high
7.57,82,186,0,1632.0,1,3,0,ECE,7,0,True,high
7.11,165,89,41,1593.0,4,1,1,ECE,6,4,True,high
7.48,86,54,48,1345.0,0,2,5,CSE,5,70,True,high
9.36,178,147,3,1518.0,6,0,4,ECE,8,81,True,high
5.5,296,16,14,1641.0,4,3,5,ECE,8,53,True,high
9.2,94,67,26,1259.0,0,0,5,CSE,8,23,True,high
8.17,191,132,7,1314.0,3,3,4,CSE,8,25,True,high
6.47,324,187,22,1512.0,7,1,5,MECH,5,9,True,high
6.62,306,150,14,953.0,7,3,0,CSE,5,60,True,high
9.64,121,173,26,1516.0,3,1,3,EEE,5,39,True,high
6.76,239,51,30,1119.0,4,2,0,EEE,8,43,True,high
6.53,105,137,38,1635.0,5,0,3,CSE,7,11,True,high
9.05,177,173,46,1937.0,2,0,1,CSE,7,21,True,high
8.17,165,155,7,1226.0,2,1,5,CSE,8,26,True,high
6.77,114,96,29,1063.0,1,2,1,EEE,7,66,True,mid
8.04,202,170,41,1355.0,5,1,2,CSE,5,81,True,high
6.67,339,153,17,1334.0,2,3,3,EEE,5,68,True,high
9.01,141,182,3,1565.0,4,1,0,EEE,5,13,True,high
8.97,147,47,46,1459.0,2,2,0,MECH,6,24,True,high
8.39,340,28,42,1326.0,1,3,5,CSE,6,51,True,high
8.2,279,26,21,1423.0,0,0,0,ECE,7,94,True,mid
9.74,47,145,2,1119.0,2,0,2,CSE,5,84,True,high
7.8,54,103,14,1607.0,4,0,4,CSE,7,58,True,high
6.5,172,59,34,1804.0,4,2,0,CSE,6,37,True,high
8.29,340,105,46,1101.0,1,2,5,EEE,8,19,True,high
10.0,262,68,37,1005.0,7,2,1,IT,7,77,True,high
6.68,178,113,32,1299.0,6,2,0,CSE,8,19,True,high
7.4,294,20,13,1095.0,1,2,0,ECE,6,55,True,mid
8.26,283,151,47,1081.0,6,3,0,CSE,5,29,True,high
7.74,29,101,0,1049.0,3,1,5,EEE,7,40,True,high
6.72,248,130,48,1352.0,3,0,4,CSE,5,83,True,high
9.03,279,94,25,1297.0,7,2,0,ECE,6,70,True,high
10.0,319,189,7,1493.0,3,0,4,ECE,6,62,True,high
8.02,40,104,49,1259.0,6,2,4,EEE,6,68,True,high
6.81,323,124,15,1096.0,0,0,2,CSE,8,94,True,low
6.1,113,1,37,1396.0,4,1,1,ECE,6,28,True,mid
8.08,179,65,9,1135.0,7,0,0,ECE,8,78,True,high
9.01,195,112,41,1528.0,3,0,0,CSE,6,88,True,high
8.32,137,169,36,983.0,4,2,0,CSE,6,76,True,high
7.8,219,161,25,859.0,1,3,4,CIVIL,7,43,True,high
7.15,290,41,27,998.0,7,3,3,CIVIL,8,87,True,high
6.6,262,19,11,1295.0,0,0,1,CSE,7,78,True,low
8.72,28,96,19,1328.0,1,3,5,EEE,7,87,True,high
8.81,209,67,48,1434.0,4,1,0,ECE,6,89,True,high
6.1,229,172,13,1259.0,5,1,3,IT,5,82,True,high
9.55,145,74,45,1188.0,6,3,3,IT,5,56,True,high
8.43,232,124,34,1758.0,5,3,3,ECE,6,23,True,high
9.34,12,169,28,1692.0,3,1,1,CSE,8,18,True,high
6.32,245,46,11,1647.0,5,3,3,ECE,8,16,True,high
6.3,237,4,17,1477.0,1,3,5,EEE,6,68,True,high
7.64,151,48,43,1497.0,7,2,0,IT,7,60,True,high
8.35,18,123,1,1199.0,6,2,5,CSE,7,3,True,high
9.78,199,36,1,1436.0,5,3,0,MECH,5,21,True,high
8.58,174,161,16,1165.0,2,3,2,EEE,6,73,True,high
7.53,148,197,9,1137.0,0,2,4,CSE,6,84,True,high
6.67,285,145,17,996.0,4,2,3,ECE,7,88,True,high
9.15,300,18,21,1502.0,7,3,5,CSE,6,5,True,high
6.74,62,39,18,1441.0,6,2,4,EEE,8,29,True,high
9.59,184,16,0,1324.0,7,1,4,EEE,6,92,True,high
7.49,119,187,23,1292.0,3,0,4,IT,6,74,True,high
9.55,212,98,35,942.0,1,1,4,IT,6,10,True,high
8.55,145,92,24,1464.0,0,2,4,CSE,7,47,True,high
7.65,13,41,35,1321.0,3,1,0,CSE,7,45,True,mid
7.23,164,122,30,1624.0,1,0,1,MECH,7,26,False,none
7.43,181,106,30,1437.0,5,2,3,EEE,6,18,True,high
8.27,56,71,1,1576.0,6,1,3,MECH,6,85,True,high
7.88,103,64,18,1398.0,4,1,0,CSE,6,91,True,high
7.15,57,108,11,1445.0,6,0,5,MECH,5,58,True,high
7.62,249,52,9,1633.0,2,2,0,ECE,7,67,True,high
7.89,222,134,30,1352.0,7,3,4,CSE,6,53,True,high
5.5,349,132,44,1518.0,2,2,1,CSE,6,82,True,high
8.3,333,23,21,1289.0,7,0,3,CIVIL,6,16,True,high
6.72,148,27,22,1367.0,6,0,5,ECE,6,49,True,high
6.53,214,61,22,1798.0,5,0,2,IT,7,39,True,high
5.94,82,16,14,1560.0,4,0,0,EEE,8,99,True,mid
5.83,13,19,25,1265.0,0,3,2,CSE,8,86,True,mid
6.31,85,2,2,1506.0,4,2,3,ECE,7,91,True,high
7.02,338,164,22,1080.0,5,2,0,CSE,6,10,True,high
9.95,86,142,19,1345.0,1,1,3,ECE,7,13,True,high
7.22,313,50,44,1162.0,6,3,0,CSE,5,12,True,high
8.0,265,175,39,1513.0,6,3,5,EEE,7,87,True,high
8.24,111,135,38,1353.0,6,1,3,ECE,7,79,True,high
7.94,115,140,7,1471.0,6,1,2,CSE,7,27,True,high
7.71,342,175,17,1594.0,0,2,1,CSE,5,93,True,high
6.49,48,2,40,1285.0,2,2,5,ECE,8,43,True,high
9.4,323,192,5,1294.0,5,2,5,IT,7,62,True,high
9.79,284,72,26,1391.0,1,3,0,ECE,7,60,True,high
5.95,97,158,35,1185.0,5,3,2,EEE,5,90,True,high
6.67,220,104,14,1397.0,3,1,3,CSE,6,16,True,high
7.49,86,117,36,1410.0,3,0,2,CSE,5,49,True,mid
6.74,86,153,4,1457.0,3,0,5,ECE,6,25,True,high
8.36,37,183,38,1505.0,2,0,0,MECH,7,6,True,mid
7.0,254,33,8,999.0,4,0,2,ECE,8,98,True,high
10.0,75,136,6,1079.0,0,0,3,ECE,6,78,True,high
9.11,275,61,40,1108.0,6,2,4,MECH,7,15,True,high
8.03,214,119,19,1423.0,2,1,5,CSE,5,84,True,high
8.93,67,114,9,1329.0,7,0,1,CSE,6,16,True,high
9.02,210,12,25,833.0,1,0,1,CSE,8,89,True,low
7.18,234,68,3,1887.0,1,0,5,CSE,7,34,True,high
6.9,151,168,37,903.0,3,2,4,IT,7,83,True,high
7.89,93,76,23,1408.0,7,0,0,ECE,6,83,True,high
8.75,152,0,13,1541.0,0,1,2,ECE,6,22,True,mid
7.95,42,88,40,1220.0,3,2,2,IT,5,68,True,high
6.07,161,46,0,1560.0,1,2,4,IT,6,8,True,mid
6.92,167,3,16,1148.0,1,3,4,ECE,5,86,True,high
7.72,150,190,44,1443.0,6,3,3,CIVIL,7,17,True,high
7.72,260,179,23,855.0,4,2,3,CSE,5,92,True,high
9.97,312,9,26,1693.0,6,0,1,CIVIL,5,74,True,high
6.28,121,27,6,1400.0,4,0,0,CSE,7,47,True,low
8.36,153,120,8,1001.0,6,0,0,ECE,8,71,True,mid
9.44,218,125,42,1557.0,4,0,4,CSE,8,90,True,high
10.0,233,133,34,1808.0,3,3,1,IT,8,65,True,high
7.36,52,154,11,1168.0,5,1,1,CSE,6,22,True,high
8.34,273,139,20,1347.0,7,2,3,ECE,6,84,True,high
8.43,253,61,2,1271.0,0,0,2,EEE,8,9,True,mid
8.02,12,179,14,1207.0,4,3,0,EEE,8,37,True,high
7.69,134,175,20,1181.0,2,1,1,EEE,7,58,True,mid
8.28,277,66,9,1238.0,4,2,3,EEE,6,67,True,high
5.5,93,173,32,1252.0,3,2,3,MECH,6,84,True,high
8.55,25,73,45,1311.0,0,2,3,CSE,8,42,True,high
7.94,343,94,5,1293.0,4,0,2,CSE,6,11,False,none
7.56,68,142,1,1590.0,6,2,1,CSE,7,52,True,high
10.0,186,198,28,1568.0,0,0,4,IT,8,13,True,high
7.06,72,35,39,1017.0,2,1,4,ECE,7,51,True,low
7.36,58,141,32,1252.0,1,3,3,CSE,6,83,True,high
9.99,316,111,3,1713.0,6,3,3,EEE,6,71,True,high
6.88,255,130,3,1474.0,0,3,2,ECE,5,90,True,high
7.19,298,112,28,1484.0,5,2,3,CSE,7,60,True,high
7.64,295,109,36,1460.0,4,3,5,EEE,7,40,True,high
8.72,341,113,19,1335.0,6,1,1,CSE,6,20,True,high
8.03,24,66,40,1390.0,3,0,3,EEE,6,47,True,high
6.38,347,125,22,1299.0,5,3,3,ECE,5,55,True,high
7.21,264,85,44,1614.0,7,0,1,CSE,8,34,True,high
7.13,101,18,17,1301.0,7,0,0,IT,8,43,True,high
7.72,288,181,48,1372.0,5,3,5,CSE,6,38,True,high
8.27,215,68,24,1584.0,3,3,5,CSE,8,14,True,high
8.26,103,9,0,1318.0,3,3,4,CIVIL,7,11,True,high
5.85,234,160,14,1382.0,7,2,3,CSE,7,97,True,high
8.97,310,140,33,1310.0,3,3,1,CSE,7,7,True,high
8.08,327,127,47,1378.0,5,2,4,CSE,7,93,True,high
9.32,208,98,19,1319.0,0,1,2,ECE,5,66,True,high
8.29,280,178,36,1266.0,3,0,0,CSE,7,93,True,high
9.01,243,31,26,1223.0,1,1,3,EEE,8,92,True,high
8.31,55,111,21,1357.0,5,3,0,CSE,5,0,True,high
9.28,73,23,4,1655.0,5,0,3,CSE,5,79,True,high
8.37,239,34,33,1556.0,5,3,3,ECE,6,41,True,high
7.69,258,82,38,1005.0,2,3,3,CSE,6,30,True,high
10.0,255,69,2,1293.0,0,0,0,ECE,5,73,True,high
8.78,84,167,16,1240.0,0,1,5,ECE,7,29,True,high
8.43,166,181,23,1009.0,3,3,2,IT,6,42,True,high
6.4,232,108,23,1469.0,5,0,5,CSE,5,25,True,high
6.38,199,171,2,1376.0,6,1,1,ECE,8,11,True,high
8.12,61,189,44,1906.0,5,2,1,CSE,7,58,True,high
7.96,97,98,6,1316.0,3,1,5,MECH,6,68,True,high
7.12,322,195,24,1206.0,0,1,2,IT,6,72,True,mid
7.96,348,32,2,1182.0,7,0,2,IT,7,10,True,high
9.55,75,55,14,1287.0,3,1,3,CSE,7,46,False,none
8.56,159,163,28,1548.0,7,2,3,CSE,5,22,True,high
6.54,29,181,49,1576.0,3,2,1,ECE,8,80,True,high
7.68,42,146,28,2132.0,3,3,3,CSE,7,42,True,high
6.91,337,170,9,1098.0,3,2,3,EEE,8,76,True,high
7.37,290,11,31,1422.0,3,3,2,CSE,5,80,True,high
7.35,55,10,22,1229.0,4,2,0,EEE,5,86,True,high
7.27,82,69,38,1488.0,4,1,5,IT,6,38,True,high
6.42,322,139,8,1746.0,5,3,4,CSE,5,72,True,high
7.66,142,40,36,1616.0,5,2,4,EEE,5,81,True,high
7.18,64,152,39,1098.0,6,1,3,CSE,5,54,True,high
5.5,70,105,13,1571.0,6,1,3,CSE,7,17,True,high
10.0,17,2,3,872.0,4,3,5,CSE,5,93,True,high
9.0,281,2,19,805.0,0,0,4,CSE,5,41,True,low
7.39,255,83,27,1338.0,2,1,2,CSE,8,25,True,high
7.82,185,155,13,1553.0,0,1,4,ECE,5,17,True,high
6.51,125,150,43,1487.0,6,0,4,MECH,7,84,True,high
9.67,326,175,33,1876.0,5,3,4,CSE,7,40,True,high
9.89,280,194,12,1427.0,4,2,3,CIVIL,8,41,True,high
7.97,202,169,30,1373.0,0,2,3,MECH,8,32,True,high
8.93,159,106,32,1689.0,2,1,5,EEE,6,42,True,high
7.99,140,167,38,1306.0,7,0,4,ECE,8,13,True,high
6.33,111,133,27,1497.0,3,1,3,CSE,6,54,True,high
7.35,319,19,24,1512.0,1,3,5,EEE,7,57,True,high
7.95,279,138,31,1157.0,4,1,4,CIVIL,6,9,True,high
7.3,301,95,8,1497.0,4,2,2,CSE,7,27,True,high
7.56,219,123,27,1946.0,2,0,3,EEE,7,13,True,high
7.7,347,154,30,1684.0,3,3,0,CSE,7,82,True,high
7.71,76,20,16,1190.0,3,1,5,EEE,7,25,True,mid
7.86,19,113,22,1985.0,1,2,3,CSE,5,73,True,high
6.63,58,12,12,1572.0,7,1,2,ECE,6,16,True,mid
7.01,120,85,9,1506.0,3,2,2,ECE,7,33,True,high
6.39,330,34,15,1376.0,7,0,3,CSE,5,13,True,mid
8.88,228,46,5,1571.0,2,3,1,CSE,6,25,True,high
5.5,66,155,47,1428.0,7,1,5,IT,7,33,True,high
9.07,292,148,10,1405.0,5,3,4,ECE,8,82,True,high
9.32,122,145,2,1367.0,3,0,4,ECE,5,23,True,high
7.47,142,158,27,1643.0,5,2,2,EEE,7,94,True,high
5.5,80,187,40,1616.0,6,0,3,CIVIL,5,69,True,high
7.4,92,124,14,1363.0,6,0,1,CSE,6,19,True,high
7.73,66,109,12,1020.0,5,3,5,CIVIL,5,38,True,high
6.69,280,36,41,1409.0,2,0,0,CSE,7,44,True,mid
7.23,120,20,44,1221.0,4,1,4,CSE,7,33,True,high
9.48,85,13,16,1282.0,4,2,5,EEE,6,21,True,high
8.53,167,90,6,1369.0,4,0,5,IT,7,70,True,high
6.78,29,59,27,1135.0,0,1,1,CSE,6,32,False,none
6.04,140,123,37,997.0,4,2,5,ECE,6,5,True,mid
7.44,338,22,12,1473.0,2,3,4,ECE,7,15,True,high
7.57,131,110,16,1407.0,1,2,3,CSE,6,71,True,high
8.35,50,123,14,1397.0,6,3,4,IT,6,22,True,high
7.21,176,156,35,1528.0,3,2,0,EEE,7,17,True,high
8.36,139,174,27,1235.0,4,0,3,MECH,7,13,True,high
9.93,32,29,14,1483.0,0,3,2,ECE,8,49,True,high
8.7,288,114,45,1734.0,6,3,1,CSE,6,60,True,high
7.75,260,89,10,1336.0,7,3,4,ECE,5,35,True,high
7.6,18,37,30,1875.0,6,0,3,ECE,8,14,True,high
7.41,22,82,3,1412.0,5,0,5,EEE,6,4,True,mid
